
*** Running vivado
    with args -log matrix_calc_top_v2.vds -m64 -product Vivado -mode batch -messageDb vivado.pb -notrace -source matrix_calc_top_v2.tcl


****** Vivado v2017.4 (64-bit)
  **** SW Build 2086221 on Fri Dec 15 20:55:39 MST 2017
  **** IP Build 2085800 on Fri Dec 15 22:25:07 MST 2017
    ** Copyright 1986-2017 Xilinx, Inc. All Rights Reserved.

source matrix_calc_top_v2.tcl -notrace
Command: synth_design -top matrix_calc_top_v2 -part xc7a35tcsg324-1
Starting synth_design
Attempting to get a license for feature 'Synthesis' and/or device 'xc7a35t'
INFO: [Common 17-349] Got license for feature 'Synthesis' and/or device 'xc7a35t'
INFO: Launching helper process for spawning children vivado processes
INFO: Helper process launched with PID 33820 
---------------------------------------------------------------------------------
Starting RTL Elaboration : Time (s): cpu = 00:00:02 ; elapsed = 00:00:04 . Memory (MB): peak = 331.539 ; gain = 101.516
---------------------------------------------------------------------------------
INFO: [Synth 8-638] synthesizing module 'matrix_calc_top_v2' [E:/desk/matrix_calc/src/matrix_calc_top_v2.v:9]
	Parameter S_CALC_WAIT_A bound to: 5'b01100 
	Parameter S_CALC_WAIT_B bound to: 5'b10001 
	Parameter S_MENU bound to: 5'b00001 
INFO: [Synth 8-638] synthesizing module 'uart_rx' [E:/desk/matrix_calc/src/uatr/uart_rx.v:2]
	Parameter CLK_FREQ bound to: 100000000 - type: integer 
	Parameter BAUD_RATE bound to: 115200 - type: integer 
	Parameter BAUD_DIV bound to: 868 - type: integer 
WARNING: [Synth 8-5788] Register rx_shift_reg in module uart_rx is has both Set and reset with same priority. This may cause simulation mismatches. Consider rewriting code  [E:/desk/matrix_calc/src/uatr/uart_rx.v:45]
INFO: [Synth 8-256] done synthesizing module 'uart_rx' (1#1) [E:/desk/matrix_calc/src/uatr/uart_rx.v:2]
INFO: [Synth 8-638] synthesizing module 'uart_tx' [E:/desk/matrix_calc/src/uatr/uart_tx.v:2]
	Parameter CLK_FREQ bound to: 100000000 - type: integer 
	Parameter BAUD_RATE bound to: 115200 - type: integer 
	Parameter BAUD_DIV bound to: 868 - type: integer 
INFO: [Synth 8-256] done synthesizing module 'uart_tx' (2#1) [E:/desk/matrix_calc/src/uatr/uart_tx.v:2]
INFO: [Synth 8-638] synthesizing module 'debounce' [E:/desk/matrix_calc/src/debounce.v:5]
INFO: [Synth 8-256] done synthesizing module 'debounce' (3#1) [E:/desk/matrix_calc/src/debounce.v:5]
INFO: [Synth 8-638] synthesizing module 'matrix_uart_input_v2' [E:/desk/matrix_calc/src/uatr/matrix_uart_input_v2.v:9]
	Parameter IDLE bound to: 4'b0000 
	Parameter WAIT_M bound to: 4'b0001 
	Parameter WAIT_SPACE1 bound to: 4'b0010 
	Parameter READ_N bound to: 4'b0011 
	Parameter WAIT_SPACE2 bound to: 4'b0100 
	Parameter READ_ELEMS bound to: 4'b0101 
	Parameter WAIT_NEXT bound to: 4'b0110 
	Parameter DONE bound to: 4'b0111 
	Parameter ERROR bound to: 4'b1000 
	Parameter SKIP_EXTRA bound to: 4'b1001 
	Parameter SKIP_WAIT bound to: 4'b1010 
	Parameter WAIT_FINAL bound to: 4'b1011 
INFO: [Synth 8-256] done synthesizing module 'matrix_uart_input_v2' (4#1) [E:/desk/matrix_calc/src/uatr/matrix_uart_input_v2.v:9]
INFO: [Synth 8-638] synthesizing module 'matrix_gen' [E:/desk/matrix_calc/src/matrix/matrix_gen.v:11]
	Parameter IDLE bound to: 0 - type: integer 
	Parameter GENERATING bound to: 1 - type: integer 
	Parameter WAIT_STORE bound to: 2 - type: integer 
	Parameter PREP_NEXT bound to: 3 - type: integer 
	Parameter DONE bound to: 4 - type: integer 
INFO: [Synth 8-155] case statement is not full and has no default [E:/desk/matrix_calc/src/matrix/matrix_gen.v:82]
WARNING: [Synth 8-6014] Unused sequential element next_val_reg was removed.  [E:/desk/matrix_calc/src/matrix/matrix_gen.v:115]
INFO: [Synth 8-256] done synthesizing module 'matrix_gen' (5#1) [E:/desk/matrix_calc/src/matrix/matrix_gen.v:11]
INFO: [Synth 8-638] synthesizing module 'matrix_uart_output_v2' [E:/desk/matrix_calc/src/uatr/matrix_uart_output_v2.v:10]
	Parameter IDLE bound to: 4'b0000 
	Parameter GET_ELEMENT bound to: 4'b0001 
	Parameter SEND_DIGIT_H bound to: 4'b0010 
	Parameter SEND_DIGIT_T bound to: 4'b0011 
	Parameter SEND_DIGIT_U bound to: 4'b0100 
	Parameter SEND_SPACE bound to: 4'b0101 
	Parameter SEND_NEWLINE bound to: 4'b0110 
	Parameter WAIT_TX bound to: 4'b0111 
	Parameter DONE bound to: 4'b1000 
	Parameter SEND_INFO_LOOP bound to: 4'b1001 
	Parameter PROCESS_INFO_ITEM bound to: 4'b1010 
	Parameter SEND_IDS_LOOP bound to: 4'b1011 
	Parameter SEND_ID_SPACE bound to: 4'b1100 
	Parameter SEND_ID_DIGIT bound to: 4'b1101 
	Parameter SEND_SUMMARY_INIT bound to: 4'b1110 
	Parameter SEND_SUMMARY_DIM bound to: 4'b1111 
	Parameter SEND_SUMMARY_NEWLINE bound to: 5'b10000 
	Parameter SEND_ID_FIRST bound to: 5'b10001 
	Parameter SEND_ID_SECOND bound to: 5'b10010 
	Parameter SEND_HDR_SPACE1 bound to: 5'b10011 
	Parameter SEND_HDR_M bound to: 5'b10100 
	Parameter SEND_HDR_SPACE2 bound to: 5'b10101 
	Parameter SEND_HDR_N bound to: 5'b10110 
	Parameter SEND_HDR_NEWLINE bound to: 5'b10111 
WARNING: [Synth 8-6014] Unused sequential element summary_count_reg was removed.  [E:/desk/matrix_calc/src/uatr/matrix_uart_output_v2.v:160]
WARNING: [Synth 8-6014] Unused sequential element current_value_reg was removed.  [E:/desk/matrix_calc/src/uatr/matrix_uart_output_v2.v:265]
WARNING: [Synth 8-6014] Unused sequential element has_hundreds_reg was removed.  [E:/desk/matrix_calc/src/uatr/matrix_uart_output_v2.v:276]
WARNING: [Synth 8-6014] Unused sequential element has_tens_reg was removed.  [E:/desk/matrix_calc/src/uatr/matrix_uart_output_v2.v:277]
WARNING: [Synth 8-5788] Register digit_h_reg in module matrix_uart_output_v2 is has both Set and reset with same priority. This may cause simulation mismatches. Consider rewriting code  [E:/desk/matrix_calc/src/uatr/matrix_uart_output_v2.v:273]
WARNING: [Synth 8-5788] Register digit_t_reg in module matrix_uart_output_v2 is has both Set and reset with same priority. This may cause simulation mismatches. Consider rewriting code  [E:/desk/matrix_calc/src/uatr/matrix_uart_output_v2.v:274]
WARNING: [Synth 8-5788] Register digit_u_reg in module matrix_uart_output_v2 is has both Set and reset with same priority. This may cause simulation mismatches. Consider rewriting code  [E:/desk/matrix_calc/src/uatr/matrix_uart_output_v2.v:275]
INFO: [Synth 8-256] done synthesizing module 'matrix_uart_output_v2' (6#1) [E:/desk/matrix_calc/src/uatr/matrix_uart_output_v2.v:10]
INFO: [Synth 8-638] synthesizing module 'matrix_storage_v2' [E:/desk/matrix_calc/src/matrix/matrix_storage_v2.v:13]
	Parameter MAX_MATRICES bound to: 10 - type: integer 
INFO: [Synth 8-155] case statement is not full and has no default [E:/desk/matrix_calc/src/matrix/matrix_storage_v2.v:242]
INFO: [Synth 8-155] case statement is not full and has no default [E:/desk/matrix_calc/src/matrix/matrix_storage_v2.v:242]
INFO: [Synth 8-155] case statement is not full and has no default [E:/desk/matrix_calc/src/matrix/matrix_storage_v2.v:242]
INFO: [Synth 8-155] case statement is not full and has no default [E:/desk/matrix_calc/src/matrix/matrix_storage_v2.v:242]
INFO: [Synth 8-155] case statement is not full and has no default [E:/desk/matrix_calc/src/matrix/matrix_storage_v2.v:242]
INFO: [Synth 8-155] case statement is not full and has no default [E:/desk/matrix_calc/src/matrix/matrix_storage_v2.v:242]
INFO: [Synth 8-155] case statement is not full and has no default [E:/desk/matrix_calc/src/matrix/matrix_storage_v2.v:242]
INFO: [Synth 8-155] case statement is not full and has no default [E:/desk/matrix_calc/src/matrix/matrix_storage_v2.v:242]
INFO: [Synth 8-155] case statement is not full and has no default [E:/desk/matrix_calc/src/matrix/matrix_storage_v2.v:242]
WARNING: [Synth 8-6014] Unused sequential element dim_counts_reg[0] was removed.  [E:/desk/matrix_calc/src/matrix/matrix_storage_v2.v:140]
WARNING: [Synth 8-6014] Unused sequential element dim_counts_reg[1] was removed.  [E:/desk/matrix_calc/src/matrix/matrix_storage_v2.v:140]
WARNING: [Synth 8-6014] Unused sequential element dim_counts_reg[2] was removed.  [E:/desk/matrix_calc/src/matrix/matrix_storage_v2.v:140]
WARNING: [Synth 8-6014] Unused sequential element dim_counts_reg[3] was removed.  [E:/desk/matrix_calc/src/matrix/matrix_storage_v2.v:140]
WARNING: [Synth 8-6014] Unused sequential element dim_counts_reg[4] was removed.  [E:/desk/matrix_calc/src/matrix/matrix_storage_v2.v:140]
WARNING: [Synth 8-6014] Unused sequential element dim_counts_reg[5] was removed.  [E:/desk/matrix_calc/src/matrix/matrix_storage_v2.v:140]
WARNING: [Synth 8-6014] Unused sequential element dim_counts_reg[6] was removed.  [E:/desk/matrix_calc/src/matrix/matrix_storage_v2.v:140]
WARNING: [Synth 8-6014] Unused sequential element dim_counts_reg[7] was removed.  [E:/desk/matrix_calc/src/matrix/matrix_storage_v2.v:140]
WARNING: [Synth 8-6014] Unused sequential element dim_counts_reg[8] was removed.  [E:/desk/matrix_calc/src/matrix/matrix_storage_v2.v:140]
WARNING: [Synth 8-6014] Unused sequential element dim_counts_reg[9] was removed.  [E:/desk/matrix_calc/src/matrix/matrix_storage_v2.v:140]
WARNING: [Synth 8-6014] Unused sequential element dim_counts_reg[10] was removed.  [E:/desk/matrix_calc/src/matrix/matrix_storage_v2.v:140]
WARNING: [Synth 8-6014] Unused sequential element dim_counts_reg[11] was removed.  [E:/desk/matrix_calc/src/matrix/matrix_storage_v2.v:140]
WARNING: [Synth 8-6014] Unused sequential element dim_counts_reg[12] was removed.  [E:/desk/matrix_calc/src/matrix/matrix_storage_v2.v:140]
WARNING: [Synth 8-6014] Unused sequential element dim_counts_reg[13] was removed.  [E:/desk/matrix_calc/src/matrix/matrix_storage_v2.v:140]
WARNING: [Synth 8-6014] Unused sequential element dim_counts_reg[14] was removed.  [E:/desk/matrix_calc/src/matrix/matrix_storage_v2.v:140]
WARNING: [Synth 8-6014] Unused sequential element dim_counts_reg[15] was removed.  [E:/desk/matrix_calc/src/matrix/matrix_storage_v2.v:140]
WARNING: [Synth 8-6014] Unused sequential element dim_counts_reg[16] was removed.  [E:/desk/matrix_calc/src/matrix/matrix_storage_v2.v:140]
WARNING: [Synth 8-6014] Unused sequential element dim_counts_reg[17] was removed.  [E:/desk/matrix_calc/src/matrix/matrix_storage_v2.v:140]
WARNING: [Synth 8-6014] Unused sequential element dim_counts_reg[18] was removed.  [E:/desk/matrix_calc/src/matrix/matrix_storage_v2.v:140]
WARNING: [Synth 8-6014] Unused sequential element dim_counts_reg[19] was removed.  [E:/desk/matrix_calc/src/matrix/matrix_storage_v2.v:140]
WARNING: [Synth 8-6014] Unused sequential element dim_counts_reg[20] was removed.  [E:/desk/matrix_calc/src/matrix/matrix_storage_v2.v:140]
WARNING: [Synth 8-6014] Unused sequential element dim_counts_reg[21] was removed.  [E:/desk/matrix_calc/src/matrix/matrix_storage_v2.v:140]
WARNING: [Synth 8-6014] Unused sequential element dim_counts_reg[22] was removed.  [E:/desk/matrix_calc/src/matrix/matrix_storage_v2.v:140]
WARNING: [Synth 8-6014] Unused sequential element dim_counts_reg[23] was removed.  [E:/desk/matrix_calc/src/matrix/matrix_storage_v2.v:140]
WARNING: [Synth 8-6014] Unused sequential element dim_counts_reg[24] was removed.  [E:/desk/matrix_calc/src/matrix/matrix_storage_v2.v:140]
WARNING: [Synth 8-6014] Unused sequential element target_idx_reg was removed.  [E:/desk/matrix_calc/src/matrix/matrix_storage_v2.v:155]
WARNING: [Synth 8-6014] Unused sequential element is_new_slot_reg was removed.  [E:/desk/matrix_calc/src/matrix/matrix_storage_v2.v:157]
WARNING: [Synth 8-6014] Unused sequential element use_existing_id_reg was removed.  [E:/desk/matrix_calc/src/matrix/matrix_storage_v2.v:177]
WARNING: [Synth 8-5788] Register wr_id_reg in module matrix_storage_v2 is has both Set and reset with same priority. This may cause simulation mismatches. Consider rewriting code  [E:/desk/matrix_calc/src/matrix/matrix_storage_v2.v:187]
WARNING: [Synth 8-5788] Register rd_m_reg in module matrix_storage_v2 is has both Set and reset with same priority. This may cause simulation mismatches. Consider rewriting code  [E:/desk/matrix_calc/src/matrix/matrix_storage_v2.v:209]
WARNING: [Synth 8-5788] Register rd_n_reg in module matrix_storage_v2 is has both Set and reset with same priority. This may cause simulation mismatches. Consider rewriting code  [E:/desk/matrix_calc/src/matrix/matrix_storage_v2.v:210]
WARNING: [Synth 8-5788] Register rd_data_reg in module matrix_storage_v2 is has both Set and reset with same priority. This may cause simulation mismatches. Consider rewriting code  [E:/desk/matrix_calc/src/matrix/matrix_storage_v2.v:211]
INFO: [Synth 8-256] done synthesizing module 'matrix_storage_v2' (7#1) [E:/desk/matrix_calc/src/matrix/matrix_storage_v2.v:13]
INFO: [Synth 8-155] case statement is not full and has no default [E:/desk/matrix_calc/src/matrix_calc_top_v2.v:293]
INFO: [Synth 8-638] synthesizing module 'matrix_calc_unit' [E:/desk/matrix_calc/src/matrix/matrix_calc_unit.v:12]
INFO: [Synth 8-638] synthesizing module 'mat_transpose' [E:/desk/matrix_calc/src/matrix/mat_transpose.v:8]
	Parameter IDLE bound to: 2'b00 
	Parameter CALC bound to: 2'b01 
	Parameter DONE bound to: 2'b10 
INFO: [Synth 8-256] done synthesizing module 'mat_transpose' (8#1) [E:/desk/matrix_calc/src/matrix/mat_transpose.v:8]
INFO: [Synth 8-638] synthesizing module 'mat_add' [E:/desk/matrix_calc/src/matrix/mat_add.v:8]
	Parameter IDLE bound to: 2'b00 
	Parameter CHECK bound to: 2'b01 
	Parameter CALC bound to: 2'b10 
	Parameter DONE bound to: 2'b11 
INFO: [Synth 8-226] default block is never used [E:/desk/matrix_calc/src/matrix/mat_add.v:54]
INFO: [Synth 8-256] done synthesizing module 'mat_add' (9#1) [E:/desk/matrix_calc/src/matrix/mat_add.v:8]
INFO: [Synth 8-638] synthesizing module 'mat_scalar_mult' [E:/desk/matrix_calc/src/matrix/mat_scalar_mult.v:8]
	Parameter IDLE bound to: 2'b00 
	Parameter CALC bound to: 2'b01 
	Parameter DONE bound to: 2'b10 
INFO: [Synth 8-256] done synthesizing module 'mat_scalar_mult' (10#1) [E:/desk/matrix_calc/src/matrix/mat_scalar_mult.v:8]
INFO: [Synth 8-638] synthesizing module 'mat_mul' [E:/desk/matrix_calc/src/matrix/mat_mul.v:9]
	Parameter IDLE bound to: 3'b000 
	Parameter CHECK bound to: 3'b001 
	Parameter CALC bound to: 3'b010 
	Parameter SUM bound to: 3'b011 
	Parameter STORE bound to: 3'b100 
	Parameter DONE bound to: 3'b101 
INFO: [Synth 8-256] done synthesizing module 'mat_mul' (11#1) [E:/desk/matrix_calc/src/matrix/mat_mul.v:9]
INFO: [Synth 8-638] synthesizing module 'mat_conv' [E:/desk/matrix_calc/src/matrix/mat_conv.v:11]
	Parameter IDLE bound to: 4'b0000 
	Parameter INIT bound to: 4'b0001 
	Parameter LOAD_IMG bound to: 4'b0010 
	Parameter WAIT_ROM bound to: 4'b0011 
	Parameter CALC bound to: 4'b0100 
	Parameter ACCUMULATE bound to: 4'b0101 
	Parameter STORE bound to: 4'b0110 
	Parameter NEXT bound to: 4'b0111 
	Parameter DONE bound to: 4'b1000 
INFO: [Synth 8-638] synthesizing module 'input_image_rom' [E:/desk/matrix_calc/src/matrix/input_image_rom.v:8]
INFO: [Synth 8-256] done synthesizing module 'input_image_rom' (12#1) [E:/desk/matrix_calc/src/matrix/input_image_rom.v:8]
WARNING: [Synth 8-6014] Unused sequential element img_valid_reg was removed.  [E:/desk/matrix_calc/src/matrix/mat_conv.v:86]
WARNING: [Synth 8-5788] Register img_value_reg in module mat_conv is has both Set and reset with same priority. This may cause simulation mismatches. Consider rewriting code  [E:/desk/matrix_calc/src/matrix/mat_conv.v:128]
WARNING: [Synth 8-5788] Register curr_kernel_reg in module mat_conv is has both Set and reset with same priority. This may cause simulation mismatches. Consider rewriting code  [E:/desk/matrix_calc/src/matrix/mat_conv.v:131]
INFO: [Synth 8-256] done synthesizing module 'mat_conv' (13#1) [E:/desk/matrix_calc/src/matrix/mat_conv.v:11]
INFO: [Synth 8-256] done synthesizing module 'matrix_calc_unit' (14#1) [E:/desk/matrix_calc/src/matrix/matrix_calc_unit.v:12]
INFO: [Synth 8-638] synthesizing module 'controller_fsm_v2' [E:/desk/matrix_calc/src/controller_fsm_v2.v:8]
	Parameter S_IDLE bound to: 5'b00000 
	Parameter S_MENU bound to: 5'b00001 
	Parameter S_INPUT_MATRIX bound to: 5'b00010 
	Parameter S_STORE bound to: 5'b00011 
	Parameter S_DISPLAY_SELECT bound to: 5'b00100 
	Parameter S_DISPLAY_SHOW bound to: 5'b00101 
	Parameter S_CALC_SELECT_OP bound to: 5'b00110 
	Parameter S_CALC_SHOW_INFO bound to: 5'b00111 
	Parameter S_CALC_A_M bound to: 5'b01000 
	Parameter S_CALC_A_N bound to: 5'b01001 
	Parameter S_CALC_A_LIST bound to: 5'b01010 
	Parameter S_CALC_A_ID bound to: 5'b01011 
	Parameter S_CALC_WAIT_A bound to: 5'b01100 
	Parameter S_CALC_B_M bound to: 5'b01101 
	Parameter S_CALC_B_N bound to: 5'b01110 
	Parameter S_CALC_B_LIST bound to: 5'b01111 
	Parameter S_CALC_B_ID bound to: 5'b10000 
	Parameter S_CALC_WAIT_B bound to: 5'b10001 
	Parameter S_CALC_SEL_SCALAR bound to: 5'b10010 
	Parameter S_CALC_VALIDATE bound to: 5'b10011 
	Parameter S_CALC_COMPUTE bound to: 5'b10100 
	Parameter S_CALC_OUTPUT bound to: 5'b10101 
	Parameter S_CONV_INPUT bound to: 5'b10110 
	Parameter S_CONV_COMPUTE bound to: 5'b10111 
	Parameter S_CONV_OUTPUT bound to: 5'b11000 
	Parameter S_ERROR bound to: 5'b11001 
	Parameter S_COUNTDOWN bound to: 5'b11010 
	Parameter S_GEN_INPUT_M bound to: 5'b11011 
	Parameter S_GEN_INPUT_N bound to: 5'b11100 
	Parameter S_GEN_INPUT_CNT bound to: 5'b11101 
	Parameter S_GEN_EXECUTE bound to: 5'b11110 
	Parameter S_CALC_AUTO bound to: 5'b11111 
INFO: [Synth 8-155] case statement is not full and has no default [E:/desk/matrix_calc/src/controller_fsm_v2.v:245]
INFO: [Synth 8-155] case statement is not full and has no default [E:/desk/matrix_calc/src/controller_fsm_v2.v:341]
INFO: [Synth 8-155] case statement is not full and has no default [E:/desk/matrix_calc/src/controller_fsm_v2.v:722]
INFO: [Synth 8-155] case statement is not full and has no default [E:/desk/matrix_calc/src/controller_fsm_v2.v:918]
INFO: [Synth 8-155] case statement is not full and has no default [E:/desk/matrix_calc/src/controller_fsm_v2.v:1088]
WARNING: [Synth 8-6014] Unused sequential element mat_A_valid_reg was removed.  [E:/desk/matrix_calc/src/controller_fsm_v2.v:330]
WARNING: [Synth 8-6014] Unused sequential element mat_B_valid_reg was removed.  [E:/desk/matrix_calc/src/controller_fsm_v2.v:331]
WARNING: [Synth 8-6014] Unused sequential element mat_B_cols_reg was removed.  [E:/desk/matrix_calc/src/controller_fsm_v2.v:335]
WARNING: [Synth 8-6014] Unused sequential element mat_A_data_reg was removed.  [E:/desk/matrix_calc/src/controller_fsm_v2.v:336]
WARNING: [Synth 8-6014] Unused sequential element mat_B_data_reg was removed.  [E:/desk/matrix_calc/src/controller_fsm_v2.v:337]
WARNING: [Synth 8-6014] Unused sequential element output_busy_reg was removed.  [E:/desk/matrix_calc/src/controller_fsm_v2.v:496]
WARNING: [Synth 8-6014] Unused sequential element auto_n_b_reg was removed.  [E:/desk/matrix_calc/src/controller_fsm_v2.v:511]
INFO: [Synth 8-256] done synthesizing module 'controller_fsm_v2' (15#1) [E:/desk/matrix_calc/src/controller_fsm_v2.v:8]
INFO: [Synth 8-638] synthesizing module 'seg_display_v2' [E:/desk/matrix_calc/src/seg_display_v2.v:9]
	Parameter S_MENU bound to: 5'b00001 
	Parameter S_CALC_SELECT_OP bound to: 5'b00110 
	Parameter S_CONV_OUTPUT bound to: 5'b10010 
	Parameter S_IDLE bound to: 5'b00000 
	Parameter S_CONV_OUTPUT_V2 bound to: 5'b11000 
	Parameter S_COUNTDOWN_V2 bound to: 5'b11010 
INFO: [Synth 8-256] done synthesizing module 'seg_display_v2' (16#1) [E:/desk/matrix_calc/src/seg_display_v2.v:9]
WARNING: [Synth 8-6014] Unused sequential element mat_A_valid_reg was removed.  [E:/desk/matrix_calc/src/matrix_calc_top_v2.v:284]
WARNING: [Synth 8-6014] Unused sequential element mat_B_valid_reg was removed.  [E:/desk/matrix_calc/src/matrix_calc_top_v2.v:285]
INFO: [Synth 8-256] done synthesizing module 'matrix_calc_top_v2' (17#1) [E:/desk/matrix_calc/src/matrix_calc_top_v2.v:9]
WARNING: [Synth 8-3331] design seg_display_v2 has unconnected port op_type[3]
WARNING: [Synth 8-3331] design seg_display_v2 has unconnected port op_type[2]
WARNING: [Synth 8-3331] design seg_display_v2 has unconnected port op_type[1]
WARNING: [Synth 8-3331] design seg_display_v2 has unconnected port op_type[0]
WARNING: [Synth 8-3331] design controller_fsm_v2 has unconnected port rd_data[199]
WARNING: [Synth 8-3331] design controller_fsm_v2 has unconnected port rd_data[198]
WARNING: [Synth 8-3331] design controller_fsm_v2 has unconnected port rd_data[197]
WARNING: [Synth 8-3331] design controller_fsm_v2 has unconnected port rd_data[196]
WARNING: [Synth 8-3331] design controller_fsm_v2 has unconnected port rd_data[195]
WARNING: [Synth 8-3331] design controller_fsm_v2 has unconnected port rd_data[194]
WARNING: [Synth 8-3331] design controller_fsm_v2 has unconnected port rd_data[193]
WARNING: [Synth 8-3331] design controller_fsm_v2 has unconnected port rd_data[192]
WARNING: [Synth 8-3331] design controller_fsm_v2 has unconnected port rd_data[191]
WARNING: [Synth 8-3331] design controller_fsm_v2 has unconnected port rd_data[190]
WARNING: [Synth 8-3331] design controller_fsm_v2 has unconnected port rd_data[189]
WARNING: [Synth 8-3331] design controller_fsm_v2 has unconnected port rd_data[188]
WARNING: [Synth 8-3331] design controller_fsm_v2 has unconnected port rd_data[187]
WARNING: [Synth 8-3331] design controller_fsm_v2 has unconnected port rd_data[186]
WARNING: [Synth 8-3331] design controller_fsm_v2 has unconnected port rd_data[185]
WARNING: [Synth 8-3331] design controller_fsm_v2 has unconnected port rd_data[184]
WARNING: [Synth 8-3331] design controller_fsm_v2 has unconnected port rd_data[183]
WARNING: [Synth 8-3331] design controller_fsm_v2 has unconnected port rd_data[182]
WARNING: [Synth 8-3331] design controller_fsm_v2 has unconnected port rd_data[181]
WARNING: [Synth 8-3331] design controller_fsm_v2 has unconnected port rd_data[180]
WARNING: [Synth 8-3331] design controller_fsm_v2 has unconnected port rd_data[179]
WARNING: [Synth 8-3331] design controller_fsm_v2 has unconnected port rd_data[178]
WARNING: [Synth 8-3331] design controller_fsm_v2 has unconnected port rd_data[177]
WARNING: [Synth 8-3331] design controller_fsm_v2 has unconnected port rd_data[176]
WARNING: [Synth 8-3331] design controller_fsm_v2 has unconnected port rd_data[175]
WARNING: [Synth 8-3331] design controller_fsm_v2 has unconnected port rd_data[174]
WARNING: [Synth 8-3331] design controller_fsm_v2 has unconnected port rd_data[173]
WARNING: [Synth 8-3331] design controller_fsm_v2 has unconnected port rd_data[172]
WARNING: [Synth 8-3331] design controller_fsm_v2 has unconnected port rd_data[171]
WARNING: [Synth 8-3331] design controller_fsm_v2 has unconnected port rd_data[170]
WARNING: [Synth 8-3331] design controller_fsm_v2 has unconnected port rd_data[169]
WARNING: [Synth 8-3331] design controller_fsm_v2 has unconnected port rd_data[168]
WARNING: [Synth 8-3331] design controller_fsm_v2 has unconnected port rd_data[167]
WARNING: [Synth 8-3331] design controller_fsm_v2 has unconnected port rd_data[166]
WARNING: [Synth 8-3331] design controller_fsm_v2 has unconnected port rd_data[165]
WARNING: [Synth 8-3331] design controller_fsm_v2 has unconnected port rd_data[164]
WARNING: [Synth 8-3331] design controller_fsm_v2 has unconnected port rd_data[163]
WARNING: [Synth 8-3331] design controller_fsm_v2 has unconnected port rd_data[162]
WARNING: [Synth 8-3331] design controller_fsm_v2 has unconnected port rd_data[161]
WARNING: [Synth 8-3331] design controller_fsm_v2 has unconnected port rd_data[160]
WARNING: [Synth 8-3331] design controller_fsm_v2 has unconnected port rd_data[159]
WARNING: [Synth 8-3331] design controller_fsm_v2 has unconnected port rd_data[158]
WARNING: [Synth 8-3331] design controller_fsm_v2 has unconnected port rd_data[157]
WARNING: [Synth 8-3331] design controller_fsm_v2 has unconnected port rd_data[156]
WARNING: [Synth 8-3331] design controller_fsm_v2 has unconnected port rd_data[155]
WARNING: [Synth 8-3331] design controller_fsm_v2 has unconnected port rd_data[154]
WARNING: [Synth 8-3331] design controller_fsm_v2 has unconnected port rd_data[153]
WARNING: [Synth 8-3331] design controller_fsm_v2 has unconnected port rd_data[152]
WARNING: [Synth 8-3331] design controller_fsm_v2 has unconnected port rd_data[151]
WARNING: [Synth 8-3331] design controller_fsm_v2 has unconnected port rd_data[150]
WARNING: [Synth 8-3331] design controller_fsm_v2 has unconnected port rd_data[149]
WARNING: [Synth 8-3331] design controller_fsm_v2 has unconnected port rd_data[148]
WARNING: [Synth 8-3331] design controller_fsm_v2 has unconnected port rd_data[147]
WARNING: [Synth 8-3331] design controller_fsm_v2 has unconnected port rd_data[146]
WARNING: [Synth 8-3331] design controller_fsm_v2 has unconnected port rd_data[145]
WARNING: [Synth 8-3331] design controller_fsm_v2 has unconnected port rd_data[144]
WARNING: [Synth 8-3331] design controller_fsm_v2 has unconnected port rd_data[143]
WARNING: [Synth 8-3331] design controller_fsm_v2 has unconnected port rd_data[142]
WARNING: [Synth 8-3331] design controller_fsm_v2 has unconnected port rd_data[141]
WARNING: [Synth 8-3331] design controller_fsm_v2 has unconnected port rd_data[140]
WARNING: [Synth 8-3331] design controller_fsm_v2 has unconnected port rd_data[139]
WARNING: [Synth 8-3331] design controller_fsm_v2 has unconnected port rd_data[138]
WARNING: [Synth 8-3331] design controller_fsm_v2 has unconnected port rd_data[137]
WARNING: [Synth 8-3331] design controller_fsm_v2 has unconnected port rd_data[136]
WARNING: [Synth 8-3331] design controller_fsm_v2 has unconnected port rd_data[135]
WARNING: [Synth 8-3331] design controller_fsm_v2 has unconnected port rd_data[134]
WARNING: [Synth 8-3331] design controller_fsm_v2 has unconnected port rd_data[133]
WARNING: [Synth 8-3331] design controller_fsm_v2 has unconnected port rd_data[132]
WARNING: [Synth 8-3331] design controller_fsm_v2 has unconnected port rd_data[131]
WARNING: [Synth 8-3331] design controller_fsm_v2 has unconnected port rd_data[130]
WARNING: [Synth 8-3331] design controller_fsm_v2 has unconnected port rd_data[129]
WARNING: [Synth 8-3331] design controller_fsm_v2 has unconnected port rd_data[128]
WARNING: [Synth 8-3331] design controller_fsm_v2 has unconnected port rd_data[127]
WARNING: [Synth 8-3331] design controller_fsm_v2 has unconnected port rd_data[126]
WARNING: [Synth 8-3331] design controller_fsm_v2 has unconnected port rd_data[125]
WARNING: [Synth 8-3331] design controller_fsm_v2 has unconnected port rd_data[124]
WARNING: [Synth 8-3331] design controller_fsm_v2 has unconnected port rd_data[123]
WARNING: [Synth 8-3331] design controller_fsm_v2 has unconnected port rd_data[122]
WARNING: [Synth 8-3331] design controller_fsm_v2 has unconnected port rd_data[121]
WARNING: [Synth 8-3331] design controller_fsm_v2 has unconnected port rd_data[120]
WARNING: [Synth 8-3331] design controller_fsm_v2 has unconnected port rd_data[119]
WARNING: [Synth 8-3331] design controller_fsm_v2 has unconnected port rd_data[118]
WARNING: [Synth 8-3331] design controller_fsm_v2 has unconnected port rd_data[117]
WARNING: [Synth 8-3331] design controller_fsm_v2 has unconnected port rd_data[116]
WARNING: [Synth 8-3331] design controller_fsm_v2 has unconnected port rd_data[115]
WARNING: [Synth 8-3331] design controller_fsm_v2 has unconnected port rd_data[114]
WARNING: [Synth 8-3331] design controller_fsm_v2 has unconnected port rd_data[113]
WARNING: [Synth 8-3331] design controller_fsm_v2 has unconnected port rd_data[112]
WARNING: [Synth 8-3331] design controller_fsm_v2 has unconnected port rd_data[111]
WARNING: [Synth 8-3331] design controller_fsm_v2 has unconnected port rd_data[110]
WARNING: [Synth 8-3331] design controller_fsm_v2 has unconnected port rd_data[109]
WARNING: [Synth 8-3331] design controller_fsm_v2 has unconnected port rd_data[108]
WARNING: [Synth 8-3331] design controller_fsm_v2 has unconnected port rd_data[107]
WARNING: [Synth 8-3331] design controller_fsm_v2 has unconnected port rd_data[106]
WARNING: [Synth 8-3331] design controller_fsm_v2 has unconnected port rd_data[105]
WARNING: [Synth 8-3331] design controller_fsm_v2 has unconnected port rd_data[104]
INFO: [Common 17-14] Message 'Synth 8-3331' appears 100 times and further instances of the messages will be disabled. Use the Tcl command set_msg_config to change the current settings.
---------------------------------------------------------------------------------
Finished RTL Elaboration : Time (s): cpu = 00:00:04 ; elapsed = 00:00:06 . Memory (MB): peak = 445.242 ; gain = 215.219
---------------------------------------------------------------------------------

Report Check Netlist: 
+------+------------------+-------+---------+-------+------------------+
|      |Item              |Errors |Warnings |Status |Description       |
+------+------------------+-------+---------+-------+------------------+
|1     |multi_driven_nets |      0|        0|Passed |Multi driven nets |
+------+------------------+-------+---------+-------+------------------+
---------------------------------------------------------------------------------
Finished RTL Optimization Phase 1 : Time (s): cpu = 00:00:04 ; elapsed = 00:00:06 . Memory (MB): peak = 445.242 ; gain = 215.219
---------------------------------------------------------------------------------
INFO: [Device 21-403] Loading part xc7a35tcsg324-1
INFO: [Project 1-570] Preparing netlist for logic optimization

Processing XDC Constraints
Initializing timing engine
Parsing XDC File [E:/desk/matrix_calc/constraints/board_constraints.xdc]
Finished Parsing XDC File [E:/desk/matrix_calc/constraints/board_constraints.xdc]
INFO: [Project 1-236] Implementation specific constraints were found while reading constraint file [E:/desk/matrix_calc/constraints/board_constraints.xdc]. These constraints will be ignored for synthesis but will be used in implementation. Impacted constraints are listed in the file [.Xil/matrix_calc_top_v2_propImpl.xdc].
Resolution: To avoid this warning, move constraints listed in [.Xil/matrix_calc_top_v2_propImpl.xdc] to another XDC file and exclude this new file from synthesis with the used_in_synthesis property (File Properties dialog in GUI) and re-run elaboration/synthesis.
Completed Processing XDC Constraints

INFO: [Project 1-111] Unisim Transformation Summary:
No Unisim elements were transformed.

Constraint Validation Runtime : Time (s): cpu = 00:00:00 ; elapsed = 00:00:00.005 . Memory (MB): peak = 848.734 ; gain = 0.000
---------------------------------------------------------------------------------
Finished Constraint Validation : Time (s): cpu = 00:00:12 ; elapsed = 00:00:17 . Memory (MB): peak = 849.531 ; gain = 619.508
---------------------------------------------------------------------------------
---------------------------------------------------------------------------------
Start Loading Part and Timing Information
---------------------------------------------------------------------------------
Loading part: xc7a35tcsg324-1
---------------------------------------------------------------------------------
Finished Loading Part and Timing Information : Time (s): cpu = 00:00:12 ; elapsed = 00:00:17 . Memory (MB): peak = 849.531 ; gain = 619.508
---------------------------------------------------------------------------------
---------------------------------------------------------------------------------
Start Applying 'set_property' XDC Constraints
---------------------------------------------------------------------------------
---------------------------------------------------------------------------------
Finished applying 'set_property' XDC Constraints : Time (s): cpu = 00:00:12 ; elapsed = 00:00:17 . Memory (MB): peak = 849.531 ; gain = 619.508
---------------------------------------------------------------------------------
INFO: [Synth 8-5546] ROM "bit_idx" won't be mapped to RAM because it is too sparse
INFO: [Synth 8-5544] ROM "rx_busy" won't be mapped to Block RAM because address size (4) smaller than threshold (5)
WARNING: [Synth 8-6014] Unused sequential element bit_idx_reg was removed.  [E:/desk/matrix_calc/src/uatr/uart_rx.v:28]
INFO: [Synth 8-5544] ROM "tx_busy" won't be mapped to Block RAM because address size (4) smaller than threshold (5)
WARNING: [Synth 8-6014] Unused sequential element bit_idx_reg was removed.  [E:/desk/matrix_calc/src/uatr/uart_tx.v:22]
INFO: [Synth 8-5546] ROM "button_out" won't be mapped to RAM because it is too sparse
INFO: [Synth 8-5546] ROM "state" won't be mapped to RAM because it is too sparse
INFO: [Synth 8-5546] ROM "error_code" won't be mapped to RAM because it is too sparse
INFO: [Synth 8-5544] ROM "lfsr" won't be mapped to Block RAM because address size (4) smaller than threshold (5)
INFO: [Synth 8-5544] ROM "gen_valid" won't be mapped to Block RAM because address size (4) smaller than threshold (5)
INFO: [Synth 8-5544] ROM "gen_done" won't be mapped to Block RAM because address size (4) smaller than threshold (5)
INFO: [Synth 8-41] '+' operator could not be merged with '+' operator due to loss of accuracy [E:/desk/matrix_calc/src/uatr/matrix_uart_output_v2.v:125]
INFO: [Synth 8-41] '+' operator could not be merged with '+' operator due to loss of accuracy [E:/desk/matrix_calc/src/uatr/matrix_uart_output_v2.v:118]
INFO: [Synth 8-41] '+' operator could not be merged with '+' operator due to loss of accuracy [E:/desk/matrix_calc/src/uatr/matrix_uart_output_v2.v:125]
INFO: [Synth 8-41] '+' operator could not be merged with '+' operator due to loss of accuracy [E:/desk/matrix_calc/src/uatr/matrix_uart_output_v2.v:118]
INFO: [Synth 8-41] '+' operator could not be merged with '+' operator due to loss of accuracy [E:/desk/matrix_calc/src/uatr/matrix_uart_output_v2.v:125]
INFO: [Synth 8-41] '+' operator could not be merged with '+' operator due to loss of accuracy [E:/desk/matrix_calc/src/uatr/matrix_uart_output_v2.v:118]
INFO: [Synth 8-5544] ROM "state" won't be mapped to Block RAM because address size (4) smaller than threshold (5)
INFO: [Synth 8-5544] ROM "state" won't be mapped to Block RAM because address size (4) smaller than threshold (5)
INFO: [Synth 8-5544] ROM "print_step" won't be mapped to Block RAM because address size (4) smaller than threshold (5)
INFO: [Synth 8-5544] ROM "summary_idx" won't be mapped to Block RAM because address size (4) smaller than threshold (5)
INFO: [Synth 8-5544] ROM "id_tens" won't be mapped to Block RAM because address size (3) smaller than threshold (5)
INFO: [Synth 8-5544] ROM "stored_valid_reg[0]" won't be mapped to Block RAM because address size (4) smaller than threshold (5)
INFO: [Synth 8-5544] ROM "stored_valid_reg[1]" won't be mapped to Block RAM because address size (4) smaller than threshold (5)
INFO: [Synth 8-5544] ROM "stored_valid_reg[2]" won't be mapped to Block RAM because address size (4) smaller than threshold (5)
INFO: [Synth 8-5544] ROM "stored_valid_reg[3]" won't be mapped to Block RAM because address size (4) smaller than threshold (5)
INFO: [Synth 8-5544] ROM "stored_valid_reg[4]" won't be mapped to Block RAM because address size (4) smaller than threshold (5)
INFO: [Synth 8-5544] ROM "stored_valid_reg[5]" won't be mapped to Block RAM because address size (4) smaller than threshold (5)
INFO: [Synth 8-5544] ROM "stored_valid_reg[6]" won't be mapped to Block RAM because address size (4) smaller than threshold (5)
INFO: [Synth 8-5544] ROM "stored_valid_reg[7]" won't be mapped to Block RAM because address size (4) smaller than threshold (5)
INFO: [Synth 8-5544] ROM "stored_valid_reg[8]" won't be mapped to Block RAM because address size (4) smaller than threshold (5)
INFO: [Synth 8-5544] ROM "stored_valid_reg[9]" won't be mapped to Block RAM because address size (4) smaller than threshold (5)
INFO: [Synth 8-5544] ROM "stored_id_reg[0]" won't be mapped to Block RAM because address size (4) smaller than threshold (5)
INFO: [Synth 8-5544] ROM "stored_id_reg[1]" won't be mapped to Block RAM because address size (4) smaller than threshold (5)
INFO: [Synth 8-5544] ROM "stored_id_reg[2]" won't be mapped to Block RAM because address size (4) smaller than threshold (5)
INFO: [Synth 8-5544] ROM "stored_id_reg[3]" won't be mapped to Block RAM because address size (4) smaller than threshold (5)
INFO: [Synth 8-5544] ROM "stored_id_reg[4]" won't be mapped to Block RAM because address size (4) smaller than threshold (5)
INFO: [Synth 8-5544] ROM "stored_id_reg[5]" won't be mapped to Block RAM because address size (4) smaller than threshold (5)
INFO: [Synth 8-5544] ROM "stored_id_reg[6]" won't be mapped to Block RAM because address size (4) smaller than threshold (5)
INFO: [Synth 8-5544] ROM "stored_id_reg[7]" won't be mapped to Block RAM because address size (4) smaller than threshold (5)
INFO: [Synth 8-5544] ROM "stored_id_reg[8]" won't be mapped to Block RAM because address size (4) smaller than threshold (5)
INFO: [Synth 8-5544] ROM "stored_id_reg[9]" won't be mapped to Block RAM because address size (4) smaller than threshold (5)
INFO: [Synth 8-5546] ROM "replace_toggle_reg[0]" won't be mapped to RAM because it is too sparse
INFO: [Synth 8-5546] ROM "replace_toggle_reg[1]" won't be mapped to RAM because it is too sparse
INFO: [Synth 8-5546] ROM "replace_toggle_reg[2]" won't be mapped to RAM because it is too sparse
INFO: [Synth 8-5546] ROM "replace_toggle_reg[3]" won't be mapped to RAM because it is too sparse
INFO: [Synth 8-5546] ROM "replace_toggle_reg[4]" won't be mapped to RAM because it is too sparse
INFO: [Synth 8-5546] ROM "replace_toggle_reg[5]" won't be mapped to RAM because it is too sparse
INFO: [Synth 8-5546] ROM "replace_toggle_reg[6]" won't be mapped to RAM because it is too sparse
INFO: [Synth 8-5546] ROM "replace_toggle_reg[7]" won't be mapped to RAM because it is too sparse
INFO: [Synth 8-5546] ROM "replace_toggle_reg[8]" won't be mapped to RAM because it is too sparse
INFO: [Synth 8-5546] ROM "replace_toggle_reg[9]" won't be mapped to RAM because it is too sparse
INFO: [Synth 8-5546] ROM "replace_toggle_reg[10]" won't be mapped to RAM because it is too sparse
INFO: [Synth 8-5546] ROM "replace_toggle_reg[11]" won't be mapped to RAM because it is too sparse
INFO: [Synth 8-5546] ROM "replace_toggle_reg[12]" won't be mapped to RAM because it is too sparse
INFO: [Synth 8-5546] ROM "replace_toggle_reg[13]" won't be mapped to RAM because it is too sparse
INFO: [Synth 8-5546] ROM "replace_toggle_reg[14]" won't be mapped to RAM because it is too sparse
INFO: [Synth 8-5546] ROM "replace_toggle_reg[15]" won't be mapped to RAM because it is too sparse
INFO: [Synth 8-5546] ROM "replace_toggle_reg[16]" won't be mapped to RAM because it is too sparse
INFO: [Synth 8-5546] ROM "replace_toggle_reg[17]" won't be mapped to RAM because it is too sparse
INFO: [Synth 8-5546] ROM "replace_toggle_reg[18]" won't be mapped to RAM because it is too sparse
INFO: [Synth 8-5546] ROM "replace_toggle_reg[19]" won't be mapped to RAM because it is too sparse
INFO: [Synth 8-5546] ROM "replace_toggle_reg[20]" won't be mapped to RAM because it is too sparse
INFO: [Synth 8-5546] ROM "replace_toggle_reg[21]" won't be mapped to RAM because it is too sparse
INFO: [Synth 8-5546] ROM "replace_toggle_reg[22]" won't be mapped to RAM because it is too sparse
INFO: [Synth 8-5546] ROM "replace_toggle_reg[23]" won't be mapped to RAM because it is too sparse
INFO: [Synth 8-5546] ROM "replace_toggle_reg[24]" won't be mapped to RAM because it is too sparse
INFO: [Synth 8-5545] ROM "dim_counts_comb_reg[0]" won't be mapped to RAM because address size (32) is larger than maximum supported(25)
INFO: [Synth 8-5545] ROM "dim_counts_comb_reg[1]" won't be mapped to RAM because address size (32) is larger than maximum supported(25)
INFO: [Synth 8-5545] ROM "dim_counts_comb_reg[2]" won't be mapped to RAM because address size (32) is larger than maximum supported(25)
INFO: [Synth 8-5545] ROM "dim_counts_comb_reg[3]" won't be mapped to RAM because address size (32) is larger than maximum supported(25)
INFO: [Synth 8-5545] ROM "dim_counts_comb_reg[4]" won't be mapped to RAM because address size (32) is larger than maximum supported(25)
INFO: [Synth 8-5545] ROM "dim_counts_comb_reg[5]" won't be mapped to RAM because address size (32) is larger than maximum supported(25)
INFO: [Synth 8-5545] ROM "dim_counts_comb_reg[6]" won't be mapped to RAM because address size (32) is larger than maximum supported(25)
INFO: [Synth 8-5545] ROM "dim_counts_comb_reg[7]" won't be mapped to RAM because address size (32) is larger than maximum supported(25)
INFO: [Synth 8-5545] ROM "dim_counts_comb_reg[8]" won't be mapped to RAM because address size (32) is larger than maximum supported(25)
INFO: [Synth 8-5545] ROM "dim_counts_comb_reg[9]" won't be mapped to RAM because address size (32) is larger than maximum supported(25)
INFO: [Synth 8-5545] ROM "dim_counts_comb_reg[10]" won't be mapped to RAM because address size (32) is larger than maximum supported(25)
INFO: [Synth 8-5545] ROM "dim_counts_comb_reg[11]" won't be mapped to RAM because address size (32) is larger than maximum supported(25)
INFO: [Synth 8-5545] ROM "dim_counts_comb_reg[12]" won't be mapped to RAM because address size (32) is larger than maximum supported(25)
INFO: [Synth 8-5545] ROM "dim_counts_comb_reg[13]" won't be mapped to RAM because address size (32) is larger than maximum supported(25)
INFO: [Synth 8-5545] ROM "dim_counts_comb_reg[14]" won't be mapped to RAM because address size (32) is larger than maximum supported(25)
INFO: [Synth 8-5545] ROM "dim_counts_comb_reg[15]" won't be mapped to RAM because address size (32) is larger than maximum supported(25)
INFO: [Synth 8-5545] ROM "dim_counts_comb_reg[16]" won't be mapped to RAM because address size (32) is larger than maximum supported(25)
INFO: [Synth 8-5545] ROM "dim_counts_comb_reg[17]" won't be mapped to RAM because address size (32) is larger than maximum supported(25)
INFO: [Synth 8-5545] ROM "dim_counts_comb_reg[18]" won't be mapped to RAM because address size (32) is larger than maximum supported(25)
INFO: [Synth 8-5545] ROM "dim_counts_comb_reg[19]" won't be mapped to RAM because address size (32) is larger than maximum supported(25)
INFO: [Synth 8-5545] ROM "dim_counts_comb_reg[20]" won't be mapped to RAM because address size (32) is larger than maximum supported(25)
INFO: [Synth 8-5545] ROM "dim_counts_comb_reg[21]" won't be mapped to RAM because address size (32) is larger than maximum supported(25)
INFO: [Synth 8-5545] ROM "dim_counts_comb_reg[22]" won't be mapped to RAM because address size (32) is larger than maximum supported(25)
INFO: [Synth 8-5545] ROM "dim_counts_comb_reg[23]" won't be mapped to RAM because address size (32) is larger than maximum supported(25)
INFO: [Synth 8-5545] ROM "dim_counts_comb_reg[24]" won't be mapped to RAM because address size (32) is larger than maximum supported(25)
WARNING: [Synth 8-6014] Unused sequential element next_id_reg was removed.  [E:/desk/matrix_calc/src/matrix/matrix_storage_v2.v:123]
WARNING: [Synth 8-6014] Unused sequential element total_count_reg was removed.  [E:/desk/matrix_calc/src/matrix/matrix_storage_v2.v:124]
INFO: [Synth 8-5544] ROM "stored_valid_reg[0]" won't be mapped to Block RAM because address size (4) smaller than threshold (5)
INFO: [Synth 8-5544] ROM "stored_valid_reg[1]" won't be mapped to Block RAM because address size (4) smaller than threshold (5)
INFO: [Synth 8-5544] ROM "stored_valid_reg[2]" won't be mapped to Block RAM because address size (4) smaller than threshold (5)
INFO: [Synth 8-5544] ROM "stored_valid_reg[3]" won't be mapped to Block RAM because address size (4) smaller than threshold (5)
INFO: [Synth 8-5544] ROM "stored_valid_reg[4]" won't be mapped to Block RAM because address size (4) smaller than threshold (5)
INFO: [Synth 8-5544] ROM "stored_valid_reg[5]" won't be mapped to Block RAM because address size (4) smaller than threshold (5)
INFO: [Synth 8-5544] ROM "stored_valid_reg[6]" won't be mapped to Block RAM because address size (4) smaller than threshold (5)
INFO: [Synth 8-5544] ROM "stored_valid_reg[7]" won't be mapped to Block RAM because address size (4) smaller than threshold (5)
INFO: [Synth 8-5544] ROM "stored_valid_reg[8]" won't be mapped to Block RAM because address size (4) smaller than threshold (5)
INFO: [Synth 8-5544] ROM "stored_valid_reg[9]" won't be mapped to Block RAM because address size (4) smaller than threshold (5)
INFO: [Synth 8-5544] ROM "stored_id_reg[0]" won't be mapped to Block RAM because address size (4) smaller than threshold (5)
INFO: [Synth 8-5544] ROM "stored_id_reg[1]" won't be mapped to Block RAM because address size (4) smaller than threshold (5)
INFO: [Synth 8-5544] ROM "stored_id_reg[2]" won't be mapped to Block RAM because address size (4) smaller than threshold (5)
INFO: [Synth 8-5544] ROM "stored_id_reg[3]" won't be mapped to Block RAM because address size (4) smaller than threshold (5)
INFO: [Synth 8-5544] ROM "stored_id_reg[4]" won't be mapped to Block RAM because address size (4) smaller than threshold (5)
INFO: [Synth 8-5544] ROM "stored_id_reg[5]" won't be mapped to Block RAM because address size (4) smaller than threshold (5)
INFO: [Synth 8-5544] ROM "stored_id_reg[6]" won't be mapped to Block RAM because address size (4) smaller than threshold (5)
INFO: [Synth 8-5544] ROM "stored_id_reg[7]" won't be mapped to Block RAM because address size (4) smaller than threshold (5)
INFO: [Synth 8-5544] ROM "stored_id_reg[8]" won't be mapped to Block RAM because address size (4) smaller than threshold (5)
INFO: [Synth 8-5544] ROM "stored_id_reg[9]" won't be mapped to Block RAM because address size (4) smaller than threshold (5)
INFO: [Synth 8-5546] ROM "replace_toggle_reg[0]" won't be mapped to RAM because it is too sparse
INFO: [Synth 8-5546] ROM "replace_toggle_reg[1]" won't be mapped to RAM because it is too sparse
INFO: [Synth 8-5546] ROM "replace_toggle_reg[2]" won't be mapped to RAM because it is too sparse
INFO: [Synth 8-5546] ROM "replace_toggle_reg[3]" won't be mapped to RAM because it is too sparse
INFO: [Synth 8-5546] ROM "replace_toggle_reg[4]" won't be mapped to RAM because it is too sparse
INFO: [Synth 8-5546] ROM "replace_toggle_reg[5]" won't be mapped to RAM because it is too sparse
INFO: [Synth 8-5546] ROM "replace_toggle_reg[6]" won't be mapped to RAM because it is too sparse
INFO: [Synth 8-5546] ROM "replace_toggle_reg[7]" won't be mapped to RAM because it is too sparse
INFO: [Synth 8-5546] ROM "replace_toggle_reg[8]" won't be mapped to RAM because it is too sparse
INFO: [Synth 8-5546] ROM "replace_toggle_reg[9]" won't be mapped to RAM because it is too sparse
INFO: [Synth 8-5546] ROM "replace_toggle_reg[10]" won't be mapped to RAM because it is too sparse
INFO: [Synth 8-5546] ROM "replace_toggle_reg[11]" won't be mapped to RAM because it is too sparse
INFO: [Synth 8-5546] ROM "replace_toggle_reg[12]" won't be mapped to RAM because it is too sparse
INFO: [Synth 8-5546] ROM "replace_toggle_reg[13]" won't be mapped to RAM because it is too sparse
INFO: [Synth 8-5546] ROM "replace_toggle_reg[14]" won't be mapped to RAM because it is too sparse
INFO: [Synth 8-5546] ROM "replace_toggle_reg[15]" won't be mapped to RAM because it is too sparse
INFO: [Synth 8-5546] ROM "replace_toggle_reg[16]" won't be mapped to RAM because it is too sparse
INFO: [Synth 8-5546] ROM "replace_toggle_reg[17]" won't be mapped to RAM because it is too sparse
INFO: [Synth 8-5546] ROM "replace_toggle_reg[18]" won't be mapped to RAM because it is too sparse
INFO: [Synth 8-5546] ROM "replace_toggle_reg[19]" won't be mapped to RAM because it is too sparse
INFO: [Synth 8-5546] ROM "replace_toggle_reg[20]" won't be mapped to RAM because it is too sparse
INFO: [Synth 8-5546] ROM "replace_toggle_reg[21]" won't be mapped to RAM because it is too sparse
INFO: [Synth 8-5546] ROM "replace_toggle_reg[22]" won't be mapped to RAM because it is too sparse
INFO: [Synth 8-5546] ROM "replace_toggle_reg[23]" won't be mapped to RAM because it is too sparse
INFO: [Synth 8-5546] ROM "replace_toggle_reg[24]" won't be mapped to RAM because it is too sparse
INFO: [Synth 8-5545] ROM "dim_counts_comb_reg[0]" won't be mapped to RAM because address size (32) is larger than maximum supported(25)
INFO: [Synth 8-5545] ROM "dim_counts_comb_reg[1]" won't be mapped to RAM because address size (32) is larger than maximum supported(25)
INFO: [Synth 8-5545] ROM "dim_counts_comb_reg[2]" won't be mapped to RAM because address size (32) is larger than maximum supported(25)
INFO: [Synth 8-5545] ROM "dim_counts_comb_reg[3]" won't be mapped to RAM because address size (32) is larger than maximum supported(25)
INFO: [Synth 8-5545] ROM "dim_counts_comb_reg[4]" won't be mapped to RAM because address size (32) is larger than maximum supported(25)
INFO: [Synth 8-5545] ROM "dim_counts_comb_reg[5]" won't be mapped to RAM because address size (32) is larger than maximum supported(25)
INFO: [Synth 8-5545] ROM "dim_counts_comb_reg[6]" won't be mapped to RAM because address size (32) is larger than maximum supported(25)
INFO: [Synth 8-5545] ROM "dim_counts_comb_reg[7]" won't be mapped to RAM because address size (32) is larger than maximum supported(25)
INFO: [Synth 8-5545] ROM "dim_counts_comb_reg[8]" won't be mapped to RAM because address size (32) is larger than maximum supported(25)
INFO: [Synth 8-5545] ROM "dim_counts_comb_reg[9]" won't be mapped to RAM because address size (32) is larger than maximum supported(25)
INFO: [Synth 8-5545] ROM "dim_counts_comb_reg[10]" won't be mapped to RAM because address size (32) is larger than maximum supported(25)
INFO: [Synth 8-5545] ROM "dim_counts_comb_reg[11]" won't be mapped to RAM because address size (32) is larger than maximum supported(25)
INFO: [Synth 8-5545] ROM "dim_counts_comb_reg[12]" won't be mapped to RAM because address size (32) is larger than maximum supported(25)
INFO: [Synth 8-5545] ROM "dim_counts_comb_reg[13]" won't be mapped to RAM because address size (32) is larger than maximum supported(25)
INFO: [Synth 8-5545] ROM "dim_counts_comb_reg[14]" won't be mapped to RAM because address size (32) is larger than maximum supported(25)
INFO: [Synth 8-5545] ROM "dim_counts_comb_reg[15]" won't be mapped to RAM because address size (32) is larger than maximum supported(25)
INFO: [Synth 8-5545] ROM "dim_counts_comb_reg[16]" won't be mapped to RAM because address size (32) is larger than maximum supported(25)
INFO: [Synth 8-5545] ROM "dim_counts_comb_reg[17]" won't be mapped to RAM because address size (32) is larger than maximum supported(25)
INFO: [Synth 8-5545] ROM "dim_counts_comb_reg[18]" won't be mapped to RAM because address size (32) is larger than maximum supported(25)
INFO: [Synth 8-5545] ROM "dim_counts_comb_reg[19]" won't be mapped to RAM because address size (32) is larger than maximum supported(25)
INFO: [Synth 8-5545] ROM "dim_counts_comb_reg[20]" won't be mapped to RAM because address size (32) is larger than maximum supported(25)
INFO: [Synth 8-5545] ROM "dim_counts_comb_reg[21]" won't be mapped to RAM because address size (32) is larger than maximum supported(25)
INFO: [Synth 8-5545] ROM "dim_counts_comb_reg[22]" won't be mapped to RAM because address size (32) is larger than maximum supported(25)
INFO: [Synth 8-5545] ROM "dim_counts_comb_reg[23]" won't be mapped to RAM because address size (32) is larger than maximum supported(25)
INFO: [Synth 8-5545] ROM "dim_counts_comb_reg[24]" won't be mapped to RAM because address size (32) is larger than maximum supported(25)
INFO: [Synth 8-802] inferred FSM for state register 'state_reg' in module 'mat_transpose'
INFO: [Synth 8-5546] ROM "mat_C" won't be mapped to RAM because it is too sparse
INFO: [Synth 8-5544] ROM "done" won't be mapped to Block RAM because address size (2) smaller than threshold (5)
INFO: [Synth 8-802] inferred FSM for state register 'state_reg' in module 'mat_scalar_mult'
INFO: [Synth 8-5546] ROM "mat_C" won't be mapped to RAM because it is too sparse
INFO: [Synth 8-5545] ROM "result" won't be mapped to RAM because address size (32) is larger than maximum supported(25)
INFO: [Synth 8-802] inferred FSM for state register 'state_reg' in module 'controller_fsm_v2'
INFO: [Synth 8-802] inferred FSM for state register 'auto_phase_reg' in module 'controller_fsm_v2'
INFO: [Synth 8-5544] ROM "display_digit" won't be mapped to Block RAM because address size (4) smaller than threshold (5)
INFO: [Synth 8-5544] ROM "query_start" won't be mapped to Block RAM because address size (2) smaller than threshold (5)
INFO: [Synth 8-5544] ROM "display_phase" won't be mapped to Block RAM because address size (4) smaller than threshold (5)
INFO: [Synth 8-5544] ROM "display_phase" won't be mapped to Block RAM because address size (4) smaller than threshold (5)
INFO: [Synth 8-5544] ROM "dump_idx" won't be mapped to Block RAM because address size (4) smaller than threshold (5)
INFO: [Synth 8-5544] ROM "list_dump_idx" won't be mapped to Block RAM because address size (4) smaller than threshold (5)
INFO: [Synth 8-5544] ROM "list_done" won't be mapped to Block RAM because address size (4) smaller than threshold (5)
INFO: [Synth 8-5544] ROM "auto_scalar" won't be mapped to Block RAM because address size (4) smaller than threshold (5)
INFO: [Synth 8-5544] ROM "auto_kernel" won't be mapped to Block RAM because address size (4) smaller than threshold (5)
INFO: [Synth 8-5546] ROM "start_gen" won't be mapped to RAM because it is too sparse
INFO: [Synth 8-5546] ROM "display_is_op" won't be mapped to RAM because it is too sparse
INFO: [Synth 8-5546] ROM "output_is_result" won't be mapped to RAM because it is too sparse
INFO: [Synth 8-5546] ROM "error_led" won't be mapped to RAM because it is too sparse
INFO: [Synth 8-5546] ROM "start_calc" won't be mapped to RAM because it is too sparse
INFO: [Synth 8-5546] ROM "start_store" won't be mapped to RAM because it is too sparse
INFO: [Synth 8-5546] ROM "start_input" won't be mapped to RAM because it is too sparse
INFO: [Synth 8-5546] ROM "display_phase" won't be mapped to RAM because it is too sparse
INFO: [Synth 8-5546] ROM "display_phase_last" won't be mapped to RAM because it is too sparse
INFO: [Synth 8-5546] ROM "auto_rng" won't be mapped to RAM because it is too sparse
INFO: [Synth 8-5544] ROM "next_state" won't be mapped to Block RAM because address size (4) smaller than threshold (5)
INFO: [Synth 8-5546] ROM "next_state0" won't be mapped to RAM because it is too sparse
INFO: [Synth 8-5544] ROM "next_state" won't be mapped to Block RAM because address size (2) smaller than threshold (5)
INFO: [Synth 8-5544] ROM "next_state" won't be mapped to Block RAM because address size (1) smaller than threshold (5)
INFO: [Synth 8-5544] ROM "next_state" won't be mapped to Block RAM because address size (1) smaller than threshold (5)
INFO: [Synth 8-5544] ROM "next_state" won't be mapped to Block RAM because address size (4) smaller than threshold (5)
INFO: [Synth 8-5544] ROM "next_state" won't be mapped to Block RAM because address size (1) smaller than threshold (5)
INFO: [Synth 8-5544] ROM "next_state" won't be mapped to Block RAM because address size (4) smaller than threshold (5)
INFO: [Synth 8-5544] ROM "next_state" won't be mapped to Block RAM because address size (1) smaller than threshold (5)
INFO: [Synth 8-5544] ROM "next_state" won't be mapped to Block RAM because address size (4) smaller than threshold (5)
INFO: [Synth 8-5544] ROM "next_state" won't be mapped to Block RAM because address size (4) smaller than threshold (5)
INFO: [Synth 8-5544] ROM "auto_phase" won't be mapped to Block RAM because address size (4) smaller than threshold (5)
INFO: [Synth 8-5544] ROM "auto_phase" won't be mapped to Block RAM because address size (1) smaller than threshold (5)
INFO: [Synth 8-5544] ROM "auto_phase" won't be mapped to Block RAM because address size (4) smaller than threshold (5)
WARNING: [Synth 8-6014] Unused sequential element scan_cnt_reg was removed.  [E:/desk/matrix_calc/src/seg_display_v2.v:51]
---------------------------------------------------------------------------------------------------
                   State |                     New Encoding |                Previous Encoding 
---------------------------------------------------------------------------------------------------
                    IDLE |                               00 |                               00
                    CALC |                               01 |                               01
                    DONE |                               10 |                               10
                  iSTATE |                               11 |                               11
*
---------------------------------------------------------------------------------------------------
INFO: [Synth 8-3354] encoded FSM with state register 'state_reg' using encoding 'sequential' in module 'mat_transpose'
---------------------------------------------------------------------------------------------------
                   State |                     New Encoding |                Previous Encoding 
---------------------------------------------------------------------------------------------------
                    IDLE |                               00 |                               00
                    CALC |                               01 |                               01
                    DONE |                               10 |                               10
                  iSTATE |                               11 |                               11
*
---------------------------------------------------------------------------------------------------
INFO: [Synth 8-3354] encoded FSM with state register 'state_reg' using encoding 'sequential' in module 'mat_scalar_mult'
---------------------------------------------------------------------------------------------------
                   State |                     New Encoding |                Previous Encoding 
---------------------------------------------------------------------------------------------------
                  iSTATE |                             0000 |                             0000
                 iSTATE5 |                             0001 |                             0111
                 iSTATE0 |                             0010 |                             0001
                 iSTATE1 |                             0011 |                             0010
                 iSTATE4 |                             0100 |                             0110
                 iSTATE6 |                             0101 |                             1000
                 iSTATE2 |                             0110 |                             0011
                 iSTATE3 |                             0111 |                             0100
                 iSTATE7 |                             1000 |                             1001
*
---------------------------------------------------------------------------------------------------
INFO: [Synth 8-3354] encoded FSM with state register 'auto_phase_reg' using encoding 'sequential' in module 'controller_fsm_v2'
---------------------------------------------------------------------------------------------------
                   State |                     New Encoding |                Previous Encoding 
---------------------------------------------------------------------------------------------------
                  S_IDLE |                            00001 |                            00000
                  S_MENU |                            00000 |                            00001
          S_INPUT_MATRIX |                            00010 |                            00010
                 S_STORE |                            00110 |                            00011
           S_GEN_INPUT_M |                            00011 |                            11011
           S_GEN_INPUT_N |                            01000 |                            11100
         S_GEN_INPUT_CNT |                            01001 |                            11101
           S_GEN_EXECUTE |                            01010 |                            11110
          S_DISPLAY_SHOW |                            00100 |                            00101
        S_CALC_SELECT_OP |                            00101 |                            00110
             S_CALC_AUTO |                            01011 |                            11111
            S_CONV_INPUT |                            01100 |                            10110
          S_CONV_COMPUTE |                            11101 |                            10111
           S_CONV_OUTPUT |                            11110 |                            11000
        S_CALC_SHOW_INFO |                            01101 |                            00111
              S_CALC_A_M |                            01110 |                            01000
              S_CALC_A_N |                            01111 |                            01001
           S_CALC_A_LIST |                            10000 |                            01010
             S_CALC_A_ID |                            10001 |                            01011
           S_CALC_WAIT_A |                            10010 |                            01100
       S_CALC_SEL_SCALAR |                            10110 |                            10010
              S_CALC_B_M |                            10111 |                            01101
              S_CALC_B_N |                            11000 |                            01110
           S_CALC_B_LIST |                            10101 |                            01111
             S_CALC_B_ID |                            11001 |                            10000
           S_CALC_WAIT_B |                            10011 |                            10001
         S_CALC_VALIDATE |                            11010 |                            10011
          S_CALC_COMPUTE |                            10100 |                            10100
           S_CALC_OUTPUT |                            11100 |                            10101
                 S_ERROR |                            00111 |                            11001
             S_COUNTDOWN |                            11011 |                            11010
---------------------------------------------------------------------------------------------------
INFO: [Synth 8-3354] encoded FSM with state register 'state_reg' using encoding 'sequential' in module 'controller_fsm_v2'
---------------------------------------------------------------------------------
Finished RTL Optimization Phase 2 : Time (s): cpu = 00:00:18 ; elapsed = 00:00:23 . Memory (MB): peak = 849.531 ; gain = 619.508
---------------------------------------------------------------------------------

Report RTL Partitions: 
+------+------------------------+------------+----------+
|      |RTL Partition           |Replication |Instances |
+------+------------------------+------------+----------+
|1     |matrix_storage_v2       |           1|     40232|
|2     |matrix_calc_top_v2__GB1 |           1|      9883|
|3     |matrix_calc_top_v2__GB2 |           1|     39693|
|4     |seg_display_v2          |           1|     13309|
+------+------------------------+------------+----------+
---------------------------------------------------------------------------------
Start RTL Component Statistics 
---------------------------------------------------------------------------------
Detailed RTL Component Info : 
+---Adders : 
	   2 Input     32 Bit       Adders := 17    
	   3 Input     32 Bit       Adders := 10    
	   2 Input     27 Bit       Adders := 1     
	   2 Input     20 Bit       Adders := 1     
	   2 Input     16 Bit       Adders := 2     
	   2 Input     10 Bit       Adders := 1     
	   2 Input      8 Bit       Adders := 26    
	   2 Input      7 Bit       Adders := 11    
	   2 Input      6 Bit       Adders := 2     
	   2 Input      5 Bit       Adders := 15    
	   2 Input      4 Bit       Adders := 38    
	   2 Input      3 Bit       Adders := 21    
	   2 Input      2 Bit       Adders := 12    
	   3 Input      2 Bit       Adders := 1     
+---XORs : 
	   2 Input     16 Bit         XORs := 3     
	   2 Input      4 Bit         XORs := 7     
	   4 Input      1 Bit         XORs := 6     
+---Registers : 
	              640 Bit    Registers := 1     
	              200 Bit    Registers := 19    
	              160 Bit    Registers := 1     
	              100 Bit    Registers := 1     
	               72 Bit    Registers := 2     
	               32 Bit    Registers := 2     
	               27 Bit    Registers := 1     
	               20 Bit    Registers := 1     
	               16 Bit    Registers := 7     
	               10 Bit    Registers := 1     
	                8 Bit    Registers := 26    
	                5 Bit    Registers := 7     
	                4 Bit    Registers := 31    
	                3 Bit    Registers := 65    
	                2 Bit    Registers := 6     
	                1 Bit    Registers := 80    
+---Multipliers : 
	                 3x32  Multipliers := 10    
+---Muxes : 
	  90 Input    640 Bit        Muxes := 1     
	  10 Input    640 Bit        Muxes := 1     
	   2 Input    640 Bit        Muxes := 1     
	   2 Input    200 Bit        Muxes := 11    
	  13 Input    200 Bit        Muxes := 2     
	   6 Input    200 Bit        Muxes := 3     
	  28 Input    200 Bit        Muxes := 1     
	   4 Input    200 Bit        Muxes := 4     
	  31 Input    200 Bit        Muxes := 2     
	  26 Input    200 Bit        Muxes := 2     
	  32 Input    200 Bit        Muxes := 1     
	   7 Input    200 Bit        Muxes := 1     
	  17 Input    200 Bit        Muxes := 1     
	  11 Input     72 Bit        Muxes := 1     
	   2 Input     72 Bit        Muxes := 2     
	  10 Input     32 Bit        Muxes := 1     
	   6 Input     32 Bit        Muxes := 1     
	   2 Input     27 Bit        Muxes := 4     
	   2 Input     20 Bit        Muxes := 1     
	   2 Input     16 Bit        Muxes := 43    
	   4 Input     16 Bit        Muxes := 9     
	  13 Input     16 Bit        Muxes := 1     
	   6 Input     16 Bit        Muxes := 1     
	   7 Input     16 Bit        Muxes := 1     
	  10 Input     16 Bit        Muxes := 1     
	   2 Input     10 Bit        Muxes := 3     
	   2 Input      8 Bit        Muxes := 12    
	   8 Input      8 Bit        Muxes := 1     
	  13 Input      8 Bit        Muxes := 1     
	   7 Input      8 Bit        Muxes := 1     
	  17 Input      8 Bit        Muxes := 1     
	   6 Input      8 Bit        Muxes := 3     
	  17 Input      7 Bit        Muxes := 1     
	   2 Input      7 Bit        Muxes := 16    
	   2 Input      6 Bit        Muxes := 1     
	  13 Input      5 Bit        Muxes := 1     
	  25 Input      5 Bit        Muxes := 2     
	   6 Input      5 Bit        Muxes := 1     
	   2 Input      5 Bit        Muxes := 4     
	   4 Input      5 Bit        Muxes := 2     
	  31 Input      5 Bit        Muxes := 6     
	  53 Input      5 Bit        Muxes := 1     
	   2 Input      4 Bit        Muxes := 452   
	   5 Input      4 Bit        Muxes := 1     
	   3 Input      4 Bit        Muxes := 4     
	   6 Input      4 Bit        Muxes := 3     
	  25 Input      4 Bit        Muxes := 2     
	   8 Input      4 Bit        Muxes := 1     
	  10 Input      4 Bit        Muxes := 2     
	   9 Input      4 Bit        Muxes := 2     
	  14 Input      4 Bit        Muxes := 1     
	  17 Input      4 Bit        Muxes := 3     
	   2 Input      3 Bit        Muxes := 115   
	  13 Input      3 Bit        Muxes := 2     
	   6 Input      3 Bit        Muxes := 4     
	   8 Input      3 Bit        Muxes := 1     
	   7 Input      3 Bit        Muxes := 4     
	  25 Input      3 Bit        Muxes := 2     
	   3 Input      3 Bit        Muxes := 3     
	   4 Input      3 Bit        Muxes := 6     
	  17 Input      3 Bit        Muxes := 5     
	   2 Input      2 Bit        Muxes := 88    
	   3 Input      2 Bit        Muxes := 1     
	   5 Input      2 Bit        Muxes := 4     
	   4 Input      2 Bit        Muxes := 1     
	  10 Input      2 Bit        Muxes := 2     
	  17 Input      2 Bit        Muxes := 1     
	   2 Input      1 Bit        Muxes := 228   
	  10 Input      1 Bit        Muxes := 13    
	  13 Input      1 Bit        Muxes := 8     
	  14 Input      1 Bit        Muxes := 1     
	   6 Input      1 Bit        Muxes := 15    
	   8 Input      1 Bit        Muxes := 1     
	  25 Input      1 Bit        Muxes := 11    
	   7 Input      1 Bit        Muxes := 11    
	   4 Input      1 Bit        Muxes := 25    
	   9 Input      1 Bit        Muxes := 18    
	  17 Input      1 Bit        Muxes := 11    
	  31 Input      1 Bit        Muxes := 1     
	   3 Input      1 Bit        Muxes := 1     
---------------------------------------------------------------------------------
Finished RTL Component Statistics 
---------------------------------------------------------------------------------
---------------------------------------------------------------------------------
Start RTL Hierarchical Component Statistics 
---------------------------------------------------------------------------------
Hierarchical RTL Component report 
Module matrix_calc_top_v2 
Detailed RTL Component Info : 
+---Registers : 
	              200 Bit    Registers := 2     
	                3 Bit    Registers := 4     
+---Muxes : 
	   2 Input    200 Bit        Muxes := 4     
	   2 Input      8 Bit        Muxes := 1     
	   2 Input      3 Bit        Muxes := 2     
	   4 Input      1 Bit        Muxes := 2     
Module matrix_storage_v2 
Detailed RTL Component Info : 
+---Adders : 
	   2 Input     32 Bit       Adders := 10    
	   3 Input     32 Bit       Adders := 10    
	   2 Input      8 Bit       Adders := 1     
	   2 Input      5 Bit       Adders := 10    
	   2 Input      4 Bit       Adders := 15    
	   2 Input      3 Bit       Adders := 2     
	   2 Input      2 Bit       Adders := 10    
	   3 Input      2 Bit       Adders := 1     
+---Registers : 
	              200 Bit    Registers := 11    
	              160 Bit    Registers := 1     
	              100 Bit    Registers := 1     
	                8 Bit    Registers := 12    
	                4 Bit    Registers := 2     
	                3 Bit    Registers := 22    
	                1 Bit    Registers := 38    
+---Multipliers : 
	                 3x32  Multipliers := 10    
+---Muxes : 
	   2 Input    200 Bit        Muxes := 1     
	   2 Input     16 Bit        Muxes := 35    
	   4 Input     16 Bit        Muxes := 9     
	   2 Input      8 Bit        Muxes := 2     
	   2 Input      4 Bit        Muxes := 386   
	   2 Input      3 Bit        Muxes := 76    
	   2 Input      2 Bit        Muxes := 76    
	   2 Input      1 Bit        Muxes := 86    
	  10 Input      1 Bit        Muxes := 2     
Module seg_display_v2 
Detailed RTL Component Info : 
+---Adders : 
	   2 Input      3 Bit       Adders := 1     
+---Registers : 
	                3 Bit    Registers := 1     
+---Muxes : 
	   8 Input      8 Bit        Muxes := 1     
	  17 Input      7 Bit        Muxes := 1     
	   2 Input      4 Bit        Muxes := 5     
	   5 Input      4 Bit        Muxes := 1     
Module matrix_uart_input_v2 
Detailed RTL Component Info : 
+---Adders : 
	   2 Input     32 Bit       Adders := 1     
	   2 Input     16 Bit       Adders := 1     
	   2 Input      6 Bit       Adders := 1     
	   2 Input      5 Bit       Adders := 1     
	   2 Input      3 Bit       Adders := 2     
+---Registers : 
	              200 Bit    Registers := 1     
	               16 Bit    Registers := 1     
	                8 Bit    Registers := 1     
	                5 Bit    Registers := 2     
	                4 Bit    Registers := 1     
	                3 Bit    Registers := 4     
	                1 Bit    Registers := 2     
+---Muxes : 
	  13 Input    200 Bit        Muxes := 2     
	   2 Input    200 Bit        Muxes := 2     
	  13 Input     16 Bit        Muxes := 1     
	  13 Input      8 Bit        Muxes := 1     
	  13 Input      5 Bit        Muxes := 1     
	   2 Input      4 Bit        Muxes := 13    
	   3 Input      4 Bit        Muxes := 2     
	   2 Input      3 Bit        Muxes := 2     
	  13 Input      3 Bit        Muxes := 2     
	  13 Input      1 Bit        Muxes := 8     
	   2 Input      1 Bit        Muxes := 7     
	  14 Input      1 Bit        Muxes := 1     
Module matrix_gen 
Detailed RTL Component Info : 
+---Adders : 
	   2 Input     32 Bit       Adders := 2     
	   2 Input      5 Bit       Adders := 1     
	   2 Input      4 Bit       Adders := 1     
	   2 Input      3 Bit       Adders := 2     
+---XORs : 
	   2 Input     16 Bit         XORs := 2     
	   4 Input      1 Bit         XORs := 5     
+---Registers : 
	              200 Bit    Registers := 1     
	               16 Bit    Registers := 1     
	                4 Bit    Registers := 2     
	                3 Bit    Registers := 4     
	                1 Bit    Registers := 2     
+---Muxes : 
	   2 Input    200 Bit        Muxes := 2     
	   6 Input    200 Bit        Muxes := 2     
	   2 Input     16 Bit        Muxes := 5     
	   6 Input     16 Bit        Muxes := 1     
	   2 Input      4 Bit        Muxes := 2     
	   6 Input      4 Bit        Muxes := 2     
	   2 Input      3 Bit        Muxes := 8     
	   6 Input      3 Bit        Muxes := 2     
	   2 Input      1 Bit        Muxes := 9     
	   6 Input      1 Bit        Muxes := 9     
Module matrix_uart_output_v2 
Detailed RTL Component Info : 
+---Adders : 
	   2 Input     32 Bit       Adders := 2     
	   2 Input      7 Bit       Adders := 11    
	   2 Input      6 Bit       Adders := 1     
	   2 Input      5 Bit       Adders := 1     
	   2 Input      4 Bit       Adders := 2     
	   2 Input      3 Bit       Adders := 4     
+---Registers : 
	                8 Bit    Registers := 1     
	                5 Bit    Registers := 3     
	                4 Bit    Registers := 8     
	                3 Bit    Registers := 2     
	                1 Bit    Registers := 4     
+---Muxes : 
	   2 Input      8 Bit        Muxes := 2     
	   7 Input      8 Bit        Muxes := 1     
	   2 Input      7 Bit        Muxes := 16    
	   2 Input      6 Bit        Muxes := 1     
	  25 Input      5 Bit        Muxes := 2     
	   6 Input      5 Bit        Muxes := 1     
	   2 Input      5 Bit        Muxes := 2     
	  25 Input      4 Bit        Muxes := 2     
	   2 Input      4 Bit        Muxes := 9     
	   3 Input      4 Bit        Muxes := 1     
	   8 Input      4 Bit        Muxes := 1     
	   2 Input      3 Bit        Muxes := 2     
	   8 Input      3 Bit        Muxes := 1     
	   7 Input      3 Bit        Muxes := 1     
	  25 Input      3 Bit        Muxes := 2     
	   3 Input      3 Bit        Muxes := 2     
	   3 Input      2 Bit        Muxes := 1     
	   2 Input      2 Bit        Muxes := 3     
	   2 Input      1 Bit        Muxes := 25    
	   8 Input      1 Bit        Muxes := 1     
	  25 Input      1 Bit        Muxes := 11    
	   7 Input      1 Bit        Muxes := 2     
	   4 Input      1 Bit        Muxes := 2     
Module mat_transpose 
Detailed RTL Component Info : 
+---Adders : 
	   2 Input      3 Bit       Adders := 2     
+---Registers : 
	              200 Bit    Registers := 1     
	                3 Bit    Registers := 4     
	                1 Bit    Registers := 1     
+---Muxes : 
	  28 Input    200 Bit        Muxes := 1     
	   4 Input    200 Bit        Muxes := 2     
	   2 Input      3 Bit        Muxes := 1     
	   4 Input      3 Bit        Muxes := 2     
	   5 Input      2 Bit        Muxes := 1     
	   4 Input      1 Bit        Muxes := 5     
Module mat_add 
Detailed RTL Component Info : 
+---Adders : 
	   2 Input      8 Bit       Adders := 25    
	   2 Input      5 Bit       Adders := 1     
	   2 Input      3 Bit       Adders := 2     
+---Registers : 
	              200 Bit    Registers := 1     
	                5 Bit    Registers := 1     
	                3 Bit    Registers := 4     
	                2 Bit    Registers := 1     
	                1 Bit    Registers := 2     
+---Muxes : 
	  31 Input    200 Bit        Muxes := 1     
	   4 Input    200 Bit        Muxes := 1     
	  26 Input    200 Bit        Muxes := 1     
	   4 Input      5 Bit        Muxes := 1     
	   2 Input      5 Bit        Muxes := 1     
	   4 Input      3 Bit        Muxes := 2     
	   2 Input      3 Bit        Muxes := 1     
	   5 Input      2 Bit        Muxes := 1     
	   4 Input      1 Bit        Muxes := 6     
Module mat_scalar_mult 
Detailed RTL Component Info : 
+---Adders : 
	   2 Input      5 Bit       Adders := 1     
	   2 Input      3 Bit       Adders := 2     
+---Registers : 
	              200 Bit    Registers := 1     
	                5 Bit    Registers := 1     
	                3 Bit    Registers := 4     
	                2 Bit    Registers := 1     
	                1 Bit    Registers := 1     
+---Muxes : 
	   4 Input    200 Bit        Muxes := 1     
	  31 Input    200 Bit        Muxes := 1     
	   2 Input      5 Bit        Muxes := 1     
	   4 Input      5 Bit        Muxes := 1     
	   2 Input      3 Bit        Muxes := 1     
	   4 Input      3 Bit        Muxes := 2     
	   5 Input      2 Bit        Muxes := 1     
	   4 Input      2 Bit        Muxes := 1     
	   2 Input      2 Bit        Muxes := 1     
	   4 Input      1 Bit        Muxes := 5     
Module mat_mul 
Detailed RTL Component Info : 
+---Adders : 
	   2 Input      3 Bit       Adders := 3     
+---Registers : 
	              200 Bit    Registers := 1     
	               16 Bit    Registers := 1     
	                8 Bit    Registers := 2     
	                3 Bit    Registers := 6     
	                1 Bit    Registers := 2     
+---Muxes : 
	  32 Input    200 Bit        Muxes := 1     
	   7 Input    200 Bit        Muxes := 1     
	  26 Input    200 Bit        Muxes := 1     
	   7 Input     16 Bit        Muxes := 1     
	   2 Input      3 Bit        Muxes := 3     
	   7 Input      3 Bit        Muxes := 3     
	   3 Input      3 Bit        Muxes := 1     
	   7 Input      1 Bit        Muxes := 9     
	   2 Input      1 Bit        Muxes := 1     
Module input_image_rom 
Detailed RTL Component Info : 
+---Registers : 
	                4 Bit    Registers := 1     
Module mat_conv 
Detailed RTL Component Info : 
+---Adders : 
	   2 Input     32 Bit       Adders := 1     
	   2 Input      4 Bit       Adders := 4     
	   2 Input      2 Bit       Adders := 2     
+---Registers : 
	              640 Bit    Registers := 1     
	               32 Bit    Registers := 2     
	               16 Bit    Registers := 1     
	                8 Bit    Registers := 1     
	                4 Bit    Registers := 6     
	                2 Bit    Registers := 2     
	                1 Bit    Registers := 1     
+---Muxes : 
	  90 Input    640 Bit        Muxes := 1     
	  10 Input    640 Bit        Muxes := 1     
	   2 Input    640 Bit        Muxes := 1     
	  10 Input     32 Bit        Muxes := 1     
	  10 Input     16 Bit        Muxes := 1     
	   3 Input      4 Bit        Muxes := 1     
	  10 Input      4 Bit        Muxes := 2     
	   2 Input      4 Bit        Muxes := 1     
	   2 Input      3 Bit        Muxes := 2     
	  10 Input      2 Bit        Muxes := 2     
	   2 Input      2 Bit        Muxes := 1     
	  10 Input      1 Bit        Muxes := 11    
	   2 Input      1 Bit        Muxes := 2     
Module matrix_calc_unit 
Detailed RTL Component Info : 
+---Muxes : 
	   6 Input    200 Bit        Muxes := 1     
	   6 Input     32 Bit        Muxes := 1     
	   6 Input      3 Bit        Muxes := 2     
	   6 Input      1 Bit        Muxes := 2     
Module controller_fsm_v2 
Detailed RTL Component Info : 
+---Adders : 
	   2 Input     27 Bit       Adders := 1     
	   2 Input      4 Bit       Adders := 14    
	   2 Input      3 Bit       Adders := 1     
+---XORs : 
	   2 Input     16 Bit         XORs := 1     
	   2 Input      4 Bit         XORs := 7     
	   4 Input      1 Bit         XORs := 1     
+---Registers : 
	               72 Bit    Registers := 2     
	               27 Bit    Registers := 1     
	               16 Bit    Registers := 1     
	                8 Bit    Registers := 7     
	                4 Bit    Registers := 9     
	                3 Bit    Registers := 10    
	                2 Bit    Registers := 2     
	                1 Bit    Registers := 19    
+---Muxes : 
	   2 Input    200 Bit        Muxes := 2     
	  17 Input    200 Bit        Muxes := 1     
	  11 Input     72 Bit        Muxes := 1     
	   2 Input     72 Bit        Muxes := 2     
	   2 Input     27 Bit        Muxes := 4     
	   2 Input     16 Bit        Muxes := 1     
	   2 Input      8 Bit        Muxes := 4     
	  17 Input      8 Bit        Muxes := 1     
	   6 Input      8 Bit        Muxes := 3     
	  31 Input      5 Bit        Muxes := 6     
	  53 Input      5 Bit        Muxes := 1     
	   2 Input      4 Bit        Muxes := 34    
	   9 Input      4 Bit        Muxes := 2     
	  14 Input      4 Bit        Muxes := 1     
	   6 Input      4 Bit        Muxes := 1     
	  17 Input      4 Bit        Muxes := 3     
	   2 Input      3 Bit        Muxes := 17    
	  17 Input      3 Bit        Muxes := 5     
	   2 Input      2 Bit        Muxes := 7     
	   5 Input      2 Bit        Muxes := 1     
	  17 Input      2 Bit        Muxes := 1     
	   2 Input      1 Bit        Muxes := 88    
	   9 Input      1 Bit        Muxes := 18    
	   4 Input      1 Bit        Muxes := 5     
	  17 Input      1 Bit        Muxes := 11    
	  31 Input      1 Bit        Muxes := 1     
	   6 Input      1 Bit        Muxes := 4     
Module debounce 
Detailed RTL Component Info : 
+---Adders : 
	   2 Input     20 Bit       Adders := 1     
+---Registers : 
	               20 Bit    Registers := 1     
	                1 Bit    Registers := 2     
+---Muxes : 
	   2 Input     20 Bit        Muxes := 1     
	   2 Input      1 Bit        Muxes := 1     
Module uart_tx 
Detailed RTL Component Info : 
+---Adders : 
	   2 Input     10 Bit       Adders := 1     
	   2 Input      4 Bit       Adders := 1     
+---Registers : 
	               16 Bit    Registers := 1     
	               10 Bit    Registers := 1     
	                4 Bit    Registers := 1     
	                1 Bit    Registers := 2     
+---Muxes : 
	   2 Input     10 Bit        Muxes := 3     
	   2 Input      4 Bit        Muxes := 1     
	   2 Input      1 Bit        Muxes := 4     
Module uart_rx 
Detailed RTL Component Info : 
+---Adders : 
	   2 Input     32 Bit       Adders := 1     
	   2 Input     16 Bit       Adders := 1     
	   2 Input      4 Bit       Adders := 1     
+---Registers : 
	               16 Bit    Registers := 1     
	                8 Bit    Registers := 2     
	                4 Bit    Registers := 1     
	                1 Bit    Registers := 4     
+---Muxes : 
	   2 Input     16 Bit        Muxes := 2     
	   2 Input      8 Bit        Muxes := 3     
	   2 Input      4 Bit        Muxes := 1     
	   2 Input      1 Bit        Muxes := 5     
	   3 Input      1 Bit        Muxes := 1     
---------------------------------------------------------------------------------
Finished RTL Hierarchical Component Statistics
---------------------------------------------------------------------------------
---------------------------------------------------------------------------------
Start Part Resource Summary
---------------------------------------------------------------------------------
Part Resources:
DSPs: 90 (col length:60)
BRAMs: 100 (col length: RAMB18 60 RAMB36 30)
---------------------------------------------------------------------------------
Finished Part Resource Summary
---------------------------------------------------------------------------------
---------------------------------------------------------------------------------
Start Cross Boundary and Area Optimization
---------------------------------------------------------------------------------
INFO: [Synth 8-5545] ROM "dim_counts_comb_reg[1]" won't be mapped to RAM because address size (32) is larger than maximum supported(25)
INFO: [Synth 8-5545] ROM "dim_counts_comb_reg[0]" won't be mapped to RAM because address size (32) is larger than maximum supported(25)
INFO: [Synth 8-5545] ROM "dim_counts_comb_reg[2]" won't be mapped to RAM because address size (32) is larger than maximum supported(25)
INFO: [Synth 8-5545] ROM "dim_counts_comb_reg[3]" won't be mapped to RAM because address size (32) is larger than maximum supported(25)
INFO: [Synth 8-5545] ROM "dim_counts_comb_reg[4]" won't be mapped to RAM because address size (32) is larger than maximum supported(25)
INFO: [Synth 8-5545] ROM "dim_counts_comb_reg[5]" won't be mapped to RAM because address size (32) is larger than maximum supported(25)
INFO: [Synth 8-5545] ROM "dim_counts_comb_reg[6]" won't be mapped to RAM because address size (32) is larger than maximum supported(25)
INFO: [Synth 8-5545] ROM "dim_counts_comb_reg[7]" won't be mapped to RAM because address size (32) is larger than maximum supported(25)
INFO: [Synth 8-5545] ROM "dim_counts_comb_reg[8]" won't be mapped to RAM because address size (32) is larger than maximum supported(25)
INFO: [Synth 8-5545] ROM "dim_counts_comb_reg[9]" won't be mapped to RAM because address size (32) is larger than maximum supported(25)
INFO: [Synth 8-5545] ROM "dim_counts_comb_reg[10]" won't be mapped to RAM because address size (32) is larger than maximum supported(25)
INFO: [Synth 8-5545] ROM "dim_counts_comb_reg[11]" won't be mapped to RAM because address size (32) is larger than maximum supported(25)
INFO: [Synth 8-5545] ROM "dim_counts_comb_reg[12]" won't be mapped to RAM because address size (32) is larger than maximum supported(25)
INFO: [Synth 8-5545] ROM "dim_counts_comb_reg[13]" won't be mapped to RAM because address size (32) is larger than maximum supported(25)
INFO: [Synth 8-5545] ROM "dim_counts_comb_reg[14]" won't be mapped to RAM because address size (32) is larger than maximum supported(25)
INFO: [Synth 8-5545] ROM "dim_counts_comb_reg[15]" won't be mapped to RAM because address size (32) is larger than maximum supported(25)
INFO: [Synth 8-5545] ROM "dim_counts_comb_reg[16]" won't be mapped to RAM because address size (32) is larger than maximum supported(25)
INFO: [Synth 8-5545] ROM "dim_counts_comb_reg[17]" won't be mapped to RAM because address size (32) is larger than maximum supported(25)
INFO: [Synth 8-5545] ROM "dim_counts_comb_reg[18]" won't be mapped to RAM because address size (32) is larger than maximum supported(25)
INFO: [Synth 8-5545] ROM "dim_counts_comb_reg[19]" won't be mapped to RAM because address size (32) is larger than maximum supported(25)
INFO: [Synth 8-5545] ROM "dim_counts_comb_reg[20]" won't be mapped to RAM because address size (32) is larger than maximum supported(25)
INFO: [Synth 8-5545] ROM "dim_counts_comb_reg[21]" won't be mapped to RAM because address size (32) is larger than maximum supported(25)
INFO: [Synth 8-5545] ROM "dim_counts_comb_reg[22]" won't be mapped to RAM because address size (32) is larger than maximum supported(25)
INFO: [Synth 8-5545] ROM "dim_counts_comb_reg[23]" won't be mapped to RAM because address size (32) is larger than maximum supported(25)
INFO: [Synth 8-5545] ROM "dim_counts_comb_reg[24]" won't be mapped to RAM because address size (32) is larger than maximum supported(25)
WARNING: [Synth 8-6014] Unused sequential element next_id_reg was removed.  [E:/desk/matrix_calc/src/matrix/matrix_storage_v2.v:123]
WARNING: [Synth 8-6014] Unused sequential element total_count_reg was removed.  [E:/desk/matrix_calc/src/matrix/matrix_storage_v2.v:124]
WARNING: [Synth 8-6014] Unused sequential element scan_cnt_reg was removed.  [E:/desk/matrix_calc/src/seg_display_v2.v:51]
INFO: [Synth 8-5546] ROM "error_code" won't be mapped to RAM because it is too sparse
WARNING: [Synth 8-6014] Unused sequential element bit_idx_reg was removed.  [E:/desk/matrix_calc/src/uatr/uart_tx.v:22]
WARNING: [Synth 8-6014] Unused sequential element bit_idx_reg was removed.  [E:/desk/matrix_calc/src/uatr/uart_rx.v:28]
INFO: [Synth 8-5546] ROM "u_debounce/button_out" won't be mapped to RAM because it is too sparse
INFO: [Synth 8-3886] merging instance 'u_storage/matrix_info_reg[0]' (FDCE) to 'u_storage/matrix_info_reg[145]'
INFO: [Synth 8-3886] merging instance 'u_storage/matrix_info_reg[1]' (FDCE) to 'u_storage/matrix_info_reg[145]'
INFO: [Synth 8-3886] merging instance 'u_storage/matrix_info_reg[16]' (FDCE) to 'u_storage/matrix_info_reg[145]'
INFO: [Synth 8-3886] merging instance 'u_storage/matrix_info_reg[17]' (FDCE) to 'u_storage/matrix_info_reg[145]'
INFO: [Synth 8-3886] merging instance 'u_storage/matrix_info_reg[32]' (FDCE) to 'u_storage/matrix_info_reg[145]'
INFO: [Synth 8-3886] merging instance 'u_storage/matrix_info_reg[33]' (FDCE) to 'u_storage/matrix_info_reg[145]'
INFO: [Synth 8-3886] merging instance 'u_storage/matrix_info_reg[48]' (FDCE) to 'u_storage/matrix_info_reg[145]'
INFO: [Synth 8-3886] merging instance 'u_storage/matrix_info_reg[49]' (FDCE) to 'u_storage/matrix_info_reg[145]'
INFO: [Synth 8-3886] merging instance 'u_storage/matrix_info_reg[64]' (FDCE) to 'u_storage/matrix_info_reg[145]'
INFO: [Synth 8-3886] merging instance 'u_storage/matrix_info_reg[65]' (FDCE) to 'u_storage/matrix_info_reg[145]'
INFO: [Synth 8-3886] merging instance 'u_storage/matrix_info_reg[80]' (FDCE) to 'u_storage/matrix_info_reg[145]'
INFO: [Synth 8-3886] merging instance 'u_storage/matrix_info_reg[81]' (FDCE) to 'u_storage/matrix_info_reg[145]'
INFO: [Synth 8-3886] merging instance 'u_storage/matrix_info_reg[96]' (FDCE) to 'u_storage/matrix_info_reg[145]'
INFO: [Synth 8-3886] merging instance 'u_storage/matrix_info_reg[97]' (FDCE) to 'u_storage/matrix_info_reg[145]'
INFO: [Synth 8-3886] merging instance 'u_storage/matrix_info_reg[112]' (FDCE) to 'u_storage/matrix_info_reg[145]'
INFO: [Synth 8-3886] merging instance 'u_storage/matrix_info_reg[113]' (FDCE) to 'u_storage/matrix_info_reg[145]'
INFO: [Synth 8-3886] merging instance 'u_storage/matrix_info_reg[128]' (FDCE) to 'u_storage/matrix_info_reg[145]'
INFO: [Synth 8-3886] merging instance 'u_storage/matrix_info_reg[129]' (FDCE) to 'u_storage/matrix_info_reg[145]'
INFO: [Synth 8-3886] merging instance 'u_storage/matrix_info_reg[144]' (FDCE) to 'u_storage/matrix_info_reg[145]'
INFO: [Synth 8-3333] propagating constant 0 across sequential element (u_storage/\matrix_info_reg[145] )
WARNING: [Synth 8-3332] Sequential element (summary_counts_reg[99]) is unused and will be removed from module matrix_storage_v2.
CRITICAL WARNING: [Synth 8-3352] multi-driven net Q with 1st driver pin 'u_storage/summary_counts_reg[99]/Q' [E:/desk/matrix_calc/src/matrix/matrix_storage_v2.v:130]
CRITICAL WARNING: [Synth 8-3352] multi-driven net Q with 2nd driver pin 'GND' [E:/desk/matrix_calc/src/matrix/matrix_storage_v2.v:130]
CRITICAL WARNING: [Synth 8-5559] multi-driven net Q is connected to constant driver, other driver is ignored [E:/desk/matrix_calc/src/matrix/matrix_storage_v2.v:130]
WARNING: [Synth 8-3332] Sequential element (summary_counts_reg[98]) is unused and will be removed from module matrix_storage_v2.
CRITICAL WARNING: [Synth 8-3352] multi-driven net Q with 1st driver pin 'u_storage/summary_counts_reg[98]/Q' [E:/desk/matrix_calc/src/matrix/matrix_storage_v2.v:130]
CRITICAL WARNING: [Synth 8-3352] multi-driven net Q with 2nd driver pin 'GND' [E:/desk/matrix_calc/src/matrix/matrix_storage_v2.v:130]
CRITICAL WARNING: [Synth 8-5559] multi-driven net Q is connected to constant driver, other driver is ignored [E:/desk/matrix_calc/src/matrix/matrix_storage_v2.v:130]
WARNING: [Synth 8-3332] Sequential element (summary_counts_reg[97]) is unused and will be removed from module matrix_storage_v2.
CRITICAL WARNING: [Synth 8-3352] multi-driven net Q with 1st driver pin 'u_storage/summary_counts_reg[97]/Q' [E:/desk/matrix_calc/src/matrix/matrix_storage_v2.v:130]
CRITICAL WARNING: [Synth 8-3352] multi-driven net Q with 2nd driver pin 'GND' [E:/desk/matrix_calc/src/matrix/matrix_storage_v2.v:130]
CRITICAL WARNING: [Synth 8-5559] multi-driven net Q is connected to constant driver, other driver is ignored [E:/desk/matrix_calc/src/matrix/matrix_storage_v2.v:130]
WARNING: [Synth 8-3332] Sequential element (summary_counts_reg[96]) is unused and will be removed from module matrix_storage_v2.
CRITICAL WARNING: [Synth 8-3352] multi-driven net Q with 1st driver pin 'u_storage/summary_counts_reg[96]/Q' [E:/desk/matrix_calc/src/matrix/matrix_storage_v2.v:130]
CRITICAL WARNING: [Synth 8-3352] multi-driven net Q with 2nd driver pin 'GND' [E:/desk/matrix_calc/src/matrix/matrix_storage_v2.v:130]
CRITICAL WARNING: [Synth 8-5559] multi-driven net Q is connected to constant driver, other driver is ignored [E:/desk/matrix_calc/src/matrix/matrix_storage_v2.v:130]
WARNING: [Synth 8-3332] Sequential element (summary_counts_reg[95]) is unused and will be removed from module matrix_storage_v2.
CRITICAL WARNING: [Synth 8-3352] multi-driven net Q with 1st driver pin 'u_storage/summary_counts_reg[95]/Q' [E:/desk/matrix_calc/src/matrix/matrix_storage_v2.v:130]
CRITICAL WARNING: [Synth 8-3352] multi-driven net Q with 2nd driver pin 'GND' [E:/desk/matrix_calc/src/matrix/matrix_storage_v2.v:130]
CRITICAL WARNING: [Synth 8-5559] multi-driven net Q is connected to constant driver, other driver is ignored [E:/desk/matrix_calc/src/matrix/matrix_storage_v2.v:130]
WARNING: [Synth 8-3332] Sequential element (summary_counts_reg[94]) is unused and will be removed from module matrix_storage_v2.
CRITICAL WARNING: [Synth 8-3352] multi-driven net Q with 1st driver pin 'u_storage/summary_counts_reg[94]/Q' [E:/desk/matrix_calc/src/matrix/matrix_storage_v2.v:130]
CRITICAL WARNING: [Synth 8-3352] multi-driven net Q with 2nd driver pin 'GND' [E:/desk/matrix_calc/src/matrix/matrix_storage_v2.v:130]
CRITICAL WARNING: [Synth 8-5559] multi-driven net Q is connected to constant driver, other driver is ignored [E:/desk/matrix_calc/src/matrix/matrix_storage_v2.v:130]
WARNING: [Synth 8-3332] Sequential element (summary_counts_reg[93]) is unused and will be removed from module matrix_storage_v2.
CRITICAL WARNING: [Synth 8-3352] multi-driven net Q with 1st driver pin 'u_storage/summary_counts_reg[93]/Q' [E:/desk/matrix_calc/src/matrix/matrix_storage_v2.v:130]
CRITICAL WARNING: [Synth 8-3352] multi-driven net Q with 2nd driver pin 'GND' [E:/desk/matrix_calc/src/matrix/matrix_storage_v2.v:130]
CRITICAL WARNING: [Synth 8-5559] multi-driven net Q is connected to constant driver, other driver is ignored [E:/desk/matrix_calc/src/matrix/matrix_storage_v2.v:130]
WARNING: [Synth 8-3332] Sequential element (summary_counts_reg[92]) is unused and will be removed from module matrix_storage_v2.
CRITICAL WARNING: [Synth 8-3352] multi-driven net Q with 1st driver pin 'u_storage/summary_counts_reg[92]/Q' [E:/desk/matrix_calc/src/matrix/matrix_storage_v2.v:130]
CRITICAL WARNING: [Synth 8-3352] multi-driven net Q with 2nd driver pin 'GND' [E:/desk/matrix_calc/src/matrix/matrix_storage_v2.v:130]
CRITICAL WARNING: [Synth 8-5559] multi-driven net Q is connected to constant driver, other driver is ignored [E:/desk/matrix_calc/src/matrix/matrix_storage_v2.v:130]
WARNING: [Synth 8-3332] Sequential element (summary_counts_reg[91]) is unused and will be removed from module matrix_storage_v2.
CRITICAL WARNING: [Synth 8-3352] multi-driven net Q with 1st driver pin 'u_storage/summary_counts_reg[91]/Q' [E:/desk/matrix_calc/src/matrix/matrix_storage_v2.v:130]
CRITICAL WARNING: [Synth 8-3352] multi-driven net Q with 2nd driver pin 'GND' [E:/desk/matrix_calc/src/matrix/matrix_storage_v2.v:130]
CRITICAL WARNING: [Synth 8-5559] multi-driven net Q is connected to constant driver, other driver is ignored [E:/desk/matrix_calc/src/matrix/matrix_storage_v2.v:130]
WARNING: [Synth 8-3332] Sequential element (summary_counts_reg[90]) is unused and will be removed from module matrix_storage_v2.
CRITICAL WARNING: [Synth 8-3352] multi-driven net Q with 1st driver pin 'u_storage/summary_counts_reg[90]/Q' [E:/desk/matrix_calc/src/matrix/matrix_storage_v2.v:130]
CRITICAL WARNING: [Synth 8-3352] multi-driven net Q with 2nd driver pin 'GND' [E:/desk/matrix_calc/src/matrix/matrix_storage_v2.v:130]
CRITICAL WARNING: [Synth 8-5559] multi-driven net Q is connected to constant driver, other driver is ignored [E:/desk/matrix_calc/src/matrix/matrix_storage_v2.v:130]
WARNING: [Synth 8-3332] Sequential element (summary_counts_reg[89]) is unused and will be removed from module matrix_storage_v2.
CRITICAL WARNING: [Synth 8-3352] multi-driven net Q with 1st driver pin 'u_storage/summary_counts_reg[89]/Q' [E:/desk/matrix_calc/src/matrix/matrix_storage_v2.v:130]
CRITICAL WARNING: [Synth 8-3352] multi-driven net Q with 2nd driver pin 'GND' [E:/desk/matrix_calc/src/matrix/matrix_storage_v2.v:130]
CRITICAL WARNING: [Synth 8-5559] multi-driven net Q is connected to constant driver, other driver is ignored [E:/desk/matrix_calc/src/matrix/matrix_storage_v2.v:130]
WARNING: [Synth 8-3332] Sequential element (summary_counts_reg[88]) is unused and will be removed from module matrix_storage_v2.
CRITICAL WARNING: [Synth 8-3352] multi-driven net Q with 1st driver pin 'u_storage/summary_counts_reg[88]/Q' [E:/desk/matrix_calc/src/matrix/matrix_storage_v2.v:130]
CRITICAL WARNING: [Synth 8-3352] multi-driven net Q with 2nd driver pin 'GND' [E:/desk/matrix_calc/src/matrix/matrix_storage_v2.v:130]
CRITICAL WARNING: [Synth 8-5559] multi-driven net Q is connected to constant driver, other driver is ignored [E:/desk/matrix_calc/src/matrix/matrix_storage_v2.v:130]
WARNING: [Synth 8-3332] Sequential element (summary_counts_reg[87]) is unused and will be removed from module matrix_storage_v2.
CRITICAL WARNING: [Synth 8-3352] multi-driven net Q with 1st driver pin 'u_storage/summary_counts_reg[87]/Q' [E:/desk/matrix_calc/src/matrix/matrix_storage_v2.v:130]
CRITICAL WARNING: [Synth 8-3352] multi-driven net Q with 2nd driver pin 'GND' [E:/desk/matrix_calc/src/matrix/matrix_storage_v2.v:130]
CRITICAL WARNING: [Synth 8-5559] multi-driven net Q is connected to constant driver, other driver is ignored [E:/desk/matrix_calc/src/matrix/matrix_storage_v2.v:130]
WARNING: [Synth 8-3332] Sequential element (summary_counts_reg[86]) is unused and will be removed from module matrix_storage_v2.
CRITICAL WARNING: [Synth 8-3352] multi-driven net Q with 1st driver pin 'u_storage/summary_counts_reg[86]/Q' [E:/desk/matrix_calc/src/matrix/matrix_storage_v2.v:130]
CRITICAL WARNING: [Synth 8-3352] multi-driven net Q with 2nd driver pin 'GND' [E:/desk/matrix_calc/src/matrix/matrix_storage_v2.v:130]
CRITICAL WARNING: [Synth 8-5559] multi-driven net Q is connected to constant driver, other driver is ignored [E:/desk/matrix_calc/src/matrix/matrix_storage_v2.v:130]
WARNING: [Synth 8-3332] Sequential element (summary_counts_reg[85]) is unused and will be removed from module matrix_storage_v2.
CRITICAL WARNING: [Synth 8-3352] multi-driven net Q with 1st driver pin 'u_storage/summary_counts_reg[85]/Q' [E:/desk/matrix_calc/src/matrix/matrix_storage_v2.v:130]
CRITICAL WARNING: [Synth 8-3352] multi-driven net Q with 2nd driver pin 'GND' [E:/desk/matrix_calc/src/matrix/matrix_storage_v2.v:130]
CRITICAL WARNING: [Synth 8-5559] multi-driven net Q is connected to constant driver, other driver is ignored [E:/desk/matrix_calc/src/matrix/matrix_storage_v2.v:130]
WARNING: [Synth 8-3332] Sequential element (summary_counts_reg[84]) is unused and will be removed from module matrix_storage_v2.
CRITICAL WARNING: [Synth 8-3352] multi-driven net Q with 1st driver pin 'u_storage/summary_counts_reg[84]/Q' [E:/desk/matrix_calc/src/matrix/matrix_storage_v2.v:130]
CRITICAL WARNING: [Synth 8-3352] multi-driven net Q with 2nd driver pin 'GND' [E:/desk/matrix_calc/src/matrix/matrix_storage_v2.v:130]
CRITICAL WARNING: [Synth 8-5559] multi-driven net Q is connected to constant driver, other driver is ignored [E:/desk/matrix_calc/src/matrix/matrix_storage_v2.v:130]
WARNING: [Synth 8-3332] Sequential element (summary_counts_reg[83]) is unused and will be removed from module matrix_storage_v2.
CRITICAL WARNING: [Synth 8-3352] multi-driven net Q with 1st driver pin 'u_storage/summary_counts_reg[83]/Q' [E:/desk/matrix_calc/src/matrix/matrix_storage_v2.v:130]
CRITICAL WARNING: [Synth 8-3352] multi-driven net Q with 2nd driver pin 'GND' [E:/desk/matrix_calc/src/matrix/matrix_storage_v2.v:130]
CRITICAL WARNING: [Synth 8-5559] multi-driven net Q is connected to constant driver, other driver is ignored [E:/desk/matrix_calc/src/matrix/matrix_storage_v2.v:130]
WARNING: [Synth 8-3332] Sequential element (summary_counts_reg[82]) is unused and will be removed from module matrix_storage_v2.
CRITICAL WARNING: [Synth 8-3352] multi-driven net Q with 1st driver pin 'u_storage/summary_counts_reg[82]/Q' [E:/desk/matrix_calc/src/matrix/matrix_storage_v2.v:130]
CRITICAL WARNING: [Synth 8-3352] multi-driven net Q with 2nd driver pin 'GND' [E:/desk/matrix_calc/src/matrix/matrix_storage_v2.v:130]
CRITICAL WARNING: [Synth 8-5559] multi-driven net Q is connected to constant driver, other driver is ignored [E:/desk/matrix_calc/src/matrix/matrix_storage_v2.v:130]
WARNING: [Synth 8-3332] Sequential element (summary_counts_reg[81]) is unused and will be removed from module matrix_storage_v2.
CRITICAL WARNING: [Synth 8-3352] multi-driven net Q with 1st driver pin 'u_storage/summary_counts_reg[81]/Q' [E:/desk/matrix_calc/src/matrix/matrix_storage_v2.v:130]
CRITICAL WARNING: [Synth 8-3352] multi-driven net Q with 2nd driver pin 'GND' [E:/desk/matrix_calc/src/matrix/matrix_storage_v2.v:130]
CRITICAL WARNING: [Synth 8-5559] multi-driven net Q is connected to constant driver, other driver is ignored [E:/desk/matrix_calc/src/matrix/matrix_storage_v2.v:130]
WARNING: [Synth 8-3332] Sequential element (summary_counts_reg[80]) is unused and will be removed from module matrix_storage_v2.
CRITICAL WARNING: [Synth 8-3352] multi-driven net Q with 1st driver pin 'u_storage/summary_counts_reg[80]/Q' [E:/desk/matrix_calc/src/matrix/matrix_storage_v2.v:130]
CRITICAL WARNING: [Synth 8-3352] multi-driven net Q with 2nd driver pin 'GND' [E:/desk/matrix_calc/src/matrix/matrix_storage_v2.v:130]
CRITICAL WARNING: [Synth 8-5559] multi-driven net Q is connected to constant driver, other driver is ignored [E:/desk/matrix_calc/src/matrix/matrix_storage_v2.v:130]
WARNING: [Synth 8-3332] Sequential element (summary_counts_reg[79]) is unused and will be removed from module matrix_storage_v2.
CRITICAL WARNING: [Synth 8-3352] multi-driven net Q with 1st driver pin 'u_storage/summary_counts_reg[79]/Q' [E:/desk/matrix_calc/src/matrix/matrix_storage_v2.v:130]
CRITICAL WARNING: [Synth 8-3352] multi-driven net Q with 2nd driver pin 'GND' [E:/desk/matrix_calc/src/matrix/matrix_storage_v2.v:130]
CRITICAL WARNING: [Synth 8-5559] multi-driven net Q is connected to constant driver, other driver is ignored [E:/desk/matrix_calc/src/matrix/matrix_storage_v2.v:130]
WARNING: [Synth 8-3332] Sequential element (summary_counts_reg[78]) is unused and will be removed from module matrix_storage_v2.
CRITICAL WARNING: [Synth 8-3352] multi-driven net Q with 1st driver pin 'u_storage/summary_counts_reg[78]/Q' [E:/desk/matrix_calc/src/matrix/matrix_storage_v2.v:130]
CRITICAL WARNING: [Synth 8-3352] multi-driven net Q with 2nd driver pin 'GND' [E:/desk/matrix_calc/src/matrix/matrix_storage_v2.v:130]
CRITICAL WARNING: [Synth 8-5559] multi-driven net Q is connected to constant driver, other driver is ignored [E:/desk/matrix_calc/src/matrix/matrix_storage_v2.v:130]
WARNING: [Synth 8-3332] Sequential element (summary_counts_reg[77]) is unused and will be removed from module matrix_storage_v2.
CRITICAL WARNING: [Synth 8-3352] multi-driven net Q with 1st driver pin 'u_storage/summary_counts_reg[77]/Q' [E:/desk/matrix_calc/src/matrix/matrix_storage_v2.v:130]
CRITICAL WARNING: [Synth 8-3352] multi-driven net Q with 2nd driver pin 'GND' [E:/desk/matrix_calc/src/matrix/matrix_storage_v2.v:130]
CRITICAL WARNING: [Synth 8-5559] multi-driven net Q is connected to constant driver, other driver is ignored [E:/desk/matrix_calc/src/matrix/matrix_storage_v2.v:130]
WARNING: [Synth 8-3332] Sequential element (summary_counts_reg[76]) is unused and will be removed from module matrix_storage_v2.
CRITICAL WARNING: [Synth 8-3352] multi-driven net Q with 1st driver pin 'u_storage/summary_counts_reg[76]/Q' [E:/desk/matrix_calc/src/matrix/matrix_storage_v2.v:130]
CRITICAL WARNING: [Synth 8-3352] multi-driven net Q with 2nd driver pin 'GND' [E:/desk/matrix_calc/src/matrix/matrix_storage_v2.v:130]
CRITICAL WARNING: [Synth 8-5559] multi-driven net Q is connected to constant driver, other driver is ignored [E:/desk/matrix_calc/src/matrix/matrix_storage_v2.v:130]
WARNING: [Synth 8-3332] Sequential element (summary_counts_reg[75]) is unused and will be removed from module matrix_storage_v2.
CRITICAL WARNING: [Synth 8-3352] multi-driven net Q with 1st driver pin 'u_storage/summary_counts_reg[75]/Q' [E:/desk/matrix_calc/src/matrix/matrix_storage_v2.v:130]
CRITICAL WARNING: [Synth 8-3352] multi-driven net Q with 2nd driver pin 'GND' [E:/desk/matrix_calc/src/matrix/matrix_storage_v2.v:130]
CRITICAL WARNING: [Synth 8-5559] multi-driven net Q is connected to constant driver, other driver is ignored [E:/desk/matrix_calc/src/matrix/matrix_storage_v2.v:130]
WARNING: [Synth 8-3332] Sequential element (summary_counts_reg[74]) is unused and will be removed from module matrix_storage_v2.
CRITICAL WARNING: [Synth 8-3352] multi-driven net Q with 1st driver pin 'u_storage/summary_counts_reg[74]/Q' [E:/desk/matrix_calc/src/matrix/matrix_storage_v2.v:130]
CRITICAL WARNING: [Synth 8-3352] multi-driven net Q with 2nd driver pin 'GND' [E:/desk/matrix_calc/src/matrix/matrix_storage_v2.v:130]
CRITICAL WARNING: [Synth 8-5559] multi-driven net Q is connected to constant driver, other driver is ignored [E:/desk/matrix_calc/src/matrix/matrix_storage_v2.v:130]
WARNING: [Synth 8-3332] Sequential element (summary_counts_reg[73]) is unused and will be removed from module matrix_storage_v2.
CRITICAL WARNING: [Synth 8-3352] multi-driven net Q with 1st driver pin 'u_storage/summary_counts_reg[73]/Q' [E:/desk/matrix_calc/src/matrix/matrix_storage_v2.v:130]
CRITICAL WARNING: [Synth 8-3352] multi-driven net Q with 2nd driver pin 'GND' [E:/desk/matrix_calc/src/matrix/matrix_storage_v2.v:130]
CRITICAL WARNING: [Synth 8-5559] multi-driven net Q is connected to constant driver, other driver is ignored [E:/desk/matrix_calc/src/matrix/matrix_storage_v2.v:130]
WARNING: [Synth 8-3332] Sequential element (summary_counts_reg[72]) is unused and will be removed from module matrix_storage_v2.
CRITICAL WARNING: [Synth 8-3352] multi-driven net Q with 1st driver pin 'u_storage/summary_counts_reg[72]/Q' [E:/desk/matrix_calc/src/matrix/matrix_storage_v2.v:130]
CRITICAL WARNING: [Synth 8-3352] multi-driven net Q with 2nd driver pin 'GND' [E:/desk/matrix_calc/src/matrix/matrix_storage_v2.v:130]
CRITICAL WARNING: [Synth 8-5559] multi-driven net Q is connected to constant driver, other driver is ignored [E:/desk/matrix_calc/src/matrix/matrix_storage_v2.v:130]
WARNING: [Synth 8-3332] Sequential element (summary_counts_reg[71]) is unused and will be removed from module matrix_storage_v2.
CRITICAL WARNING: [Synth 8-3352] multi-driven net Q with 1st driver pin 'u_storage/summary_counts_reg[71]/Q' [E:/desk/matrix_calc/src/matrix/matrix_storage_v2.v:130]
CRITICAL WARNING: [Synth 8-3352] multi-driven net Q with 2nd driver pin 'GND' [E:/desk/matrix_calc/src/matrix/matrix_storage_v2.v:130]
CRITICAL WARNING: [Synth 8-5559] multi-driven net Q is connected to constant driver, other driver is ignored [E:/desk/matrix_calc/src/matrix/matrix_storage_v2.v:130]
WARNING: [Synth 8-3332] Sequential element (summary_counts_reg[70]) is unused and will be removed from module matrix_storage_v2.
CRITICAL WARNING: [Synth 8-3352] multi-driven net Q with 1st driver pin 'u_storage/summary_counts_reg[70]/Q' [E:/desk/matrix_calc/src/matrix/matrix_storage_v2.v:130]
CRITICAL WARNING: [Synth 8-3352] multi-driven net Q with 2nd driver pin 'GND' [E:/desk/matrix_calc/src/matrix/matrix_storage_v2.v:130]
CRITICAL WARNING: [Synth 8-5559] multi-driven net Q is connected to constant driver, other driver is ignored [E:/desk/matrix_calc/src/matrix/matrix_storage_v2.v:130]
WARNING: [Synth 8-3332] Sequential element (summary_counts_reg[69]) is unused and will be removed from module matrix_storage_v2.
CRITICAL WARNING: [Synth 8-3352] multi-driven net Q with 1st driver pin 'u_storage/summary_counts_reg[69]/Q' [E:/desk/matrix_calc/src/matrix/matrix_storage_v2.v:130]
CRITICAL WARNING: [Synth 8-3352] multi-driven net Q with 2nd driver pin 'GND' [E:/desk/matrix_calc/src/matrix/matrix_storage_v2.v:130]
CRITICAL WARNING: [Synth 8-5559] multi-driven net Q is connected to constant driver, other driver is ignored [E:/desk/matrix_calc/src/matrix/matrix_storage_v2.v:130]
WARNING: [Synth 8-3332] Sequential element (summary_counts_reg[68]) is unused and will be removed from module matrix_storage_v2.
CRITICAL WARNING: [Synth 8-3352] multi-driven net Q with 1st driver pin 'u_storage/summary_counts_reg[68]/Q' [E:/desk/matrix_calc/src/matrix/matrix_storage_v2.v:130]
CRITICAL WARNING: [Synth 8-3352] multi-driven net Q with 2nd driver pin 'GND' [E:/desk/matrix_calc/src/matrix/matrix_storage_v2.v:130]
CRITICAL WARNING: [Synth 8-5559] multi-driven net Q is connected to constant driver, other driver is ignored [E:/desk/matrix_calc/src/matrix/matrix_storage_v2.v:130]
WARNING: [Synth 8-3332] Sequential element (summary_counts_reg[67]) is unused and will be removed from module matrix_storage_v2.
CRITICAL WARNING: [Synth 8-3352] multi-driven net Q with 1st driver pin 'u_storage/summary_counts_reg[67]/Q' [E:/desk/matrix_calc/src/matrix/matrix_storage_v2.v:130]
CRITICAL WARNING: [Synth 8-3352] multi-driven net Q with 2nd driver pin 'GND' [E:/desk/matrix_calc/src/matrix/matrix_storage_v2.v:130]
CRITICAL WARNING: [Synth 8-5559] multi-driven net Q is connected to constant driver, other driver is ignored [E:/desk/matrix_calc/src/matrix/matrix_storage_v2.v:130]
WARNING: [Synth 8-3332] Sequential element (summary_counts_reg[66]) is unused and will be removed from module matrix_storage_v2.
CRITICAL WARNING: [Synth 8-3352] multi-driven net Q with 1st driver pin 'u_storage/summary_counts_reg[66]/Q' [E:/desk/matrix_calc/src/matrix/matrix_storage_v2.v:130]
CRITICAL WARNING: [Synth 8-3352] multi-driven net Q with 2nd driver pin 'GND' [E:/desk/matrix_calc/src/matrix/matrix_storage_v2.v:130]
CRITICAL WARNING: [Synth 8-5559] multi-driven net Q is connected to constant driver, other driver is ignored [E:/desk/matrix_calc/src/matrix/matrix_storage_v2.v:130]
WARNING: [Synth 8-3332] Sequential element (summary_counts_reg[65]) is unused and will be removed from module matrix_storage_v2.
CRITICAL WARNING: [Synth 8-3352] multi-driven net Q with 1st driver pin 'u_storage/summary_counts_reg[65]/Q' [E:/desk/matrix_calc/src/matrix/matrix_storage_v2.v:130]
CRITICAL WARNING: [Synth 8-3352] multi-driven net Q with 2nd driver pin 'GND' [E:/desk/matrix_calc/src/matrix/matrix_storage_v2.v:130]
CRITICAL WARNING: [Synth 8-5559] multi-driven net Q is connected to constant driver, other driver is ignored [E:/desk/matrix_calc/src/matrix/matrix_storage_v2.v:130]
WARNING: [Synth 8-3332] Sequential element (summary_counts_reg[64]) is unused and will be removed from module matrix_storage_v2.
CRITICAL WARNING: [Synth 8-3352] multi-driven net Q with 1st driver pin 'u_storage/summary_counts_reg[64]/Q' [E:/desk/matrix_calc/src/matrix/matrix_storage_v2.v:130]
CRITICAL WARNING: [Synth 8-3352] multi-driven net Q with 2nd driver pin 'GND' [E:/desk/matrix_calc/src/matrix/matrix_storage_v2.v:130]
CRITICAL WARNING: [Synth 8-5559] multi-driven net Q is connected to constant driver, other driver is ignored [E:/desk/matrix_calc/src/matrix/matrix_storage_v2.v:130]
WARNING: [Synth 8-3332] Sequential element (summary_counts_reg[63]) is unused and will be removed from module matrix_storage_v2.
CRITICAL WARNING: [Synth 8-3352] multi-driven net Q with 1st driver pin 'u_storage/summary_counts_reg[63]/Q' [E:/desk/matrix_calc/src/matrix/matrix_storage_v2.v:130]
CRITICAL WARNING: [Synth 8-3352] multi-driven net Q with 2nd driver pin 'GND' [E:/desk/matrix_calc/src/matrix/matrix_storage_v2.v:130]
CRITICAL WARNING: [Synth 8-5559] multi-driven net Q is connected to constant driver, other driver is ignored [E:/desk/matrix_calc/src/matrix/matrix_storage_v2.v:130]
WARNING: [Synth 8-3332] Sequential element (summary_counts_reg[62]) is unused and will be removed from module matrix_storage_v2.
CRITICAL WARNING: [Synth 8-3352] multi-driven net Q with 1st driver pin 'u_storage/summary_counts_reg[62]/Q' [E:/desk/matrix_calc/src/matrix/matrix_storage_v2.v:130]
CRITICAL WARNING: [Synth 8-3352] multi-driven net Q with 2nd driver pin 'GND' [E:/desk/matrix_calc/src/matrix/matrix_storage_v2.v:130]
CRITICAL WARNING: [Synth 8-5559] multi-driven net Q is connected to constant driver, other driver is ignored [E:/desk/matrix_calc/src/matrix/matrix_storage_v2.v:130]
WARNING: [Synth 8-3332] Sequential element (summary_counts_reg[61]) is unused and will be removed from module matrix_storage_v2.
CRITICAL WARNING: [Synth 8-3352] multi-driven net Q with 1st driver pin 'u_storage/summary_counts_reg[61]/Q' [E:/desk/matrix_calc/src/matrix/matrix_storage_v2.v:130]
CRITICAL WARNING: [Synth 8-3352] multi-driven net Q with 2nd driver pin 'GND' [E:/desk/matrix_calc/src/matrix/matrix_storage_v2.v:130]
CRITICAL WARNING: [Synth 8-5559] multi-driven net Q is connected to constant driver, other driver is ignored [E:/desk/matrix_calc/src/matrix/matrix_storage_v2.v:130]
WARNING: [Synth 8-3332] Sequential element (summary_counts_reg[60]) is unused and will be removed from module matrix_storage_v2.
CRITICAL WARNING: [Synth 8-3352] multi-driven net Q with 1st driver pin 'u_storage/summary_counts_reg[60]/Q' [E:/desk/matrix_calc/src/matrix/matrix_storage_v2.v:130]
CRITICAL WARNING: [Synth 8-3352] multi-driven net Q with 2nd driver pin 'GND' [E:/desk/matrix_calc/src/matrix/matrix_storage_v2.v:130]
CRITICAL WARNING: [Synth 8-5559] multi-driven net Q is connected to constant driver, other driver is ignored [E:/desk/matrix_calc/src/matrix/matrix_storage_v2.v:130]
WARNING: [Synth 8-3332] Sequential element (summary_counts_reg[59]) is unused and will be removed from module matrix_storage_v2.
CRITICAL WARNING: [Synth 8-3352] multi-driven net Q with 1st driver pin 'u_storage/summary_counts_reg[59]/Q' [E:/desk/matrix_calc/src/matrix/matrix_storage_v2.v:130]
CRITICAL WARNING: [Synth 8-3352] multi-driven net Q with 2nd driver pin 'GND' [E:/desk/matrix_calc/src/matrix/matrix_storage_v2.v:130]
CRITICAL WARNING: [Synth 8-5559] multi-driven net Q is connected to constant driver, other driver is ignored [E:/desk/matrix_calc/src/matrix/matrix_storage_v2.v:130]
WARNING: [Synth 8-3332] Sequential element (summary_counts_reg[58]) is unused and will be removed from module matrix_storage_v2.
CRITICAL WARNING: [Synth 8-3352] multi-driven net Q with 1st driver pin 'u_storage/summary_counts_reg[58]/Q' [E:/desk/matrix_calc/src/matrix/matrix_storage_v2.v:130]
CRITICAL WARNING: [Synth 8-3352] multi-driven net Q with 2nd driver pin 'GND' [E:/desk/matrix_calc/src/matrix/matrix_storage_v2.v:130]
CRITICAL WARNING: [Synth 8-5559] multi-driven net Q is connected to constant driver, other driver is ignored [E:/desk/matrix_calc/src/matrix/matrix_storage_v2.v:130]
WARNING: [Synth 8-3332] Sequential element (summary_counts_reg[57]) is unused and will be removed from module matrix_storage_v2.
CRITICAL WARNING: [Synth 8-3352] multi-driven net Q with 1st driver pin 'u_storage/summary_counts_reg[57]/Q' [E:/desk/matrix_calc/src/matrix/matrix_storage_v2.v:130]
CRITICAL WARNING: [Synth 8-3352] multi-driven net Q with 2nd driver pin 'GND' [E:/desk/matrix_calc/src/matrix/matrix_storage_v2.v:130]
CRITICAL WARNING: [Synth 8-5559] multi-driven net Q is connected to constant driver, other driver is ignored [E:/desk/matrix_calc/src/matrix/matrix_storage_v2.v:130]
WARNING: [Synth 8-3332] Sequential element (summary_counts_reg[56]) is unused and will be removed from module matrix_storage_v2.
CRITICAL WARNING: [Synth 8-3352] multi-driven net Q with 1st driver pin 'u_storage/summary_counts_reg[56]/Q' [E:/desk/matrix_calc/src/matrix/matrix_storage_v2.v:130]
CRITICAL WARNING: [Synth 8-3352] multi-driven net Q with 2nd driver pin 'GND' [E:/desk/matrix_calc/src/matrix/matrix_storage_v2.v:130]
CRITICAL WARNING: [Synth 8-5559] multi-driven net Q is connected to constant driver, other driver is ignored [E:/desk/matrix_calc/src/matrix/matrix_storage_v2.v:130]
WARNING: [Synth 8-3332] Sequential element (summary_counts_reg[55]) is unused and will be removed from module matrix_storage_v2.
CRITICAL WARNING: [Synth 8-3352] multi-driven net Q with 1st driver pin 'u_storage/summary_counts_reg[55]/Q' [E:/desk/matrix_calc/src/matrix/matrix_storage_v2.v:130]
CRITICAL WARNING: [Synth 8-3352] multi-driven net Q with 2nd driver pin 'GND' [E:/desk/matrix_calc/src/matrix/matrix_storage_v2.v:130]
CRITICAL WARNING: [Synth 8-5559] multi-driven net Q is connected to constant driver, other driver is ignored [E:/desk/matrix_calc/src/matrix/matrix_storage_v2.v:130]
WARNING: [Synth 8-3332] Sequential element (summary_counts_reg[54]) is unused and will be removed from module matrix_storage_v2.
CRITICAL WARNING: [Synth 8-3352] multi-driven net Q with 1st driver pin 'u_storage/summary_counts_reg[54]/Q' [E:/desk/matrix_calc/src/matrix/matrix_storage_v2.v:130]
CRITICAL WARNING: [Synth 8-3352] multi-driven net Q with 2nd driver pin 'GND' [E:/desk/matrix_calc/src/matrix/matrix_storage_v2.v:130]
CRITICAL WARNING: [Synth 8-5559] multi-driven net Q is connected to constant driver, other driver is ignored [E:/desk/matrix_calc/src/matrix/matrix_storage_v2.v:130]
WARNING: [Synth 8-3332] Sequential element (summary_counts_reg[53]) is unused and will be removed from module matrix_storage_v2.
CRITICAL WARNING: [Synth 8-3352] multi-driven net Q with 1st driver pin 'u_storage/summary_counts_reg[53]/Q' [E:/desk/matrix_calc/src/matrix/matrix_storage_v2.v:130]
CRITICAL WARNING: [Synth 8-3352] multi-driven net Q with 2nd driver pin 'GND' [E:/desk/matrix_calc/src/matrix/matrix_storage_v2.v:130]
CRITICAL WARNING: [Synth 8-5559] multi-driven net Q is connected to constant driver, other driver is ignored [E:/desk/matrix_calc/src/matrix/matrix_storage_v2.v:130]
WARNING: [Synth 8-3332] Sequential element (summary_counts_reg[52]) is unused and will be removed from module matrix_storage_v2.
CRITICAL WARNING: [Synth 8-3352] multi-driven net Q with 1st driver pin 'u_storage/summary_counts_reg[52]/Q' [E:/desk/matrix_calc/src/matrix/matrix_storage_v2.v:130]
CRITICAL WARNING: [Synth 8-3352] multi-driven net Q with 2nd driver pin 'GND' [E:/desk/matrix_calc/src/matrix/matrix_storage_v2.v:130]
CRITICAL WARNING: [Synth 8-5559] multi-driven net Q is connected to constant driver, other driver is ignored [E:/desk/matrix_calc/src/matrix/matrix_storage_v2.v:130]
WARNING: [Synth 8-3332] Sequential element (summary_counts_reg[51]) is unused and will be removed from module matrix_storage_v2.
CRITICAL WARNING: [Synth 8-3352] multi-driven net Q with 1st driver pin 'u_storage/summary_counts_reg[51]/Q' [E:/desk/matrix_calc/src/matrix/matrix_storage_v2.v:130]
CRITICAL WARNING: [Synth 8-3352] multi-driven net Q with 2nd driver pin 'GND' [E:/desk/matrix_calc/src/matrix/matrix_storage_v2.v:130]
CRITICAL WARNING: [Synth 8-5559] multi-driven net Q is connected to constant driver, other driver is ignored [E:/desk/matrix_calc/src/matrix/matrix_storage_v2.v:130]
WARNING: [Synth 8-3332] Sequential element (summary_counts_reg[50]) is unused and will be removed from module matrix_storage_v2.
CRITICAL WARNING: [Synth 8-3352] multi-driven net Q with 1st driver pin 'u_storage/summary_counts_reg[50]/Q' [E:/desk/matrix_calc/src/matrix/matrix_storage_v2.v:130]
CRITICAL WARNING: [Synth 8-3352] multi-driven net Q with 2nd driver pin 'GND' [E:/desk/matrix_calc/src/matrix/matrix_storage_v2.v:130]
INFO: [Common 17-14] Message 'Synth 8-3352' appears 100 times and further instances of the messages will be disabled. Use the Tcl command set_msg_config to change the current settings.
CRITICAL WARNING: [Synth 8-5559] multi-driven net Q is connected to constant driver, other driver is ignored [E:/desk/matrix_calc/src/matrix/matrix_storage_v2.v:130]
WARNING: [Synth 8-3332] Sequential element (summary_counts_reg[49]) is unused and will be removed from module matrix_storage_v2.
CRITICAL WARNING: [Synth 8-5559] multi-driven net Q is connected to constant driver, other driver is ignored [E:/desk/matrix_calc/src/matrix/matrix_storage_v2.v:130]
WARNING: [Synth 8-3332] Sequential element (summary_counts_reg[48]) is unused and will be removed from module matrix_storage_v2.
CRITICAL WARNING: [Synth 8-5559] multi-driven net Q is connected to constant driver, other driver is ignored [E:/desk/matrix_calc/src/matrix/matrix_storage_v2.v:130]
WARNING: [Synth 8-3332] Sequential element (summary_counts_reg[47]) is unused and will be removed from module matrix_storage_v2.
CRITICAL WARNING: [Synth 8-5559] multi-driven net Q is connected to constant driver, other driver is ignored [E:/desk/matrix_calc/src/matrix/matrix_storage_v2.v:130]
WARNING: [Synth 8-3332] Sequential element (summary_counts_reg[46]) is unused and will be removed from module matrix_storage_v2.
CRITICAL WARNING: [Synth 8-5559] multi-driven net Q is connected to constant driver, other driver is ignored [E:/desk/matrix_calc/src/matrix/matrix_storage_v2.v:130]
WARNING: [Synth 8-3332] Sequential element (summary_counts_reg[45]) is unused and will be removed from module matrix_storage_v2.
CRITICAL WARNING: [Synth 8-5559] multi-driven net Q is connected to constant driver, other driver is ignored [E:/desk/matrix_calc/src/matrix/matrix_storage_v2.v:130]
WARNING: [Synth 8-3332] Sequential element (summary_counts_reg[44]) is unused and will be removed from module matrix_storage_v2.
CRITICAL WARNING: [Synth 8-5559] multi-driven net Q is connected to constant driver, other driver is ignored [E:/desk/matrix_calc/src/matrix/matrix_storage_v2.v:130]
WARNING: [Synth 8-3332] Sequential element (summary_counts_reg[43]) is unused and will be removed from module matrix_storage_v2.
CRITICAL WARNING: [Synth 8-5559] multi-driven net Q is connected to constant driver, other driver is ignored [E:/desk/matrix_calc/src/matrix/matrix_storage_v2.v:130]
WARNING: [Synth 8-3332] Sequential element (summary_counts_reg[42]) is unused and will be removed from module matrix_storage_v2.
CRITICAL WARNING: [Synth 8-5559] multi-driven net Q is connected to constant driver, other driver is ignored [E:/desk/matrix_calc/src/matrix/matrix_storage_v2.v:130]
WARNING: [Synth 8-3332] Sequential element (summary_counts_reg[41]) is unused and will be removed from module matrix_storage_v2.
CRITICAL WARNING: [Synth 8-5559] multi-driven net Q is connected to constant driver, other driver is ignored [E:/desk/matrix_calc/src/matrix/matrix_storage_v2.v:130]
WARNING: [Synth 8-3332] Sequential element (summary_counts_reg[40]) is unused and will be removed from module matrix_storage_v2.
CRITICAL WARNING: [Synth 8-5559] multi-driven net Q is connected to constant driver, other driver is ignored [E:/desk/matrix_calc/src/matrix/matrix_storage_v2.v:130]
WARNING: [Synth 8-3332] Sequential element (summary_counts_reg[39]) is unused and will be removed from module matrix_storage_v2.
CRITICAL WARNING: [Synth 8-5559] multi-driven net Q is connected to constant driver, other driver is ignored [E:/desk/matrix_calc/src/matrix/matrix_storage_v2.v:130]
WARNING: [Synth 8-3332] Sequential element (summary_counts_reg[38]) is unused and will be removed from module matrix_storage_v2.
CRITICAL WARNING: [Synth 8-5559] multi-driven net Q is connected to constant driver, other driver is ignored [E:/desk/matrix_calc/src/matrix/matrix_storage_v2.v:130]
WARNING: [Synth 8-3332] Sequential element (summary_counts_reg[37]) is unused and will be removed from module matrix_storage_v2.
CRITICAL WARNING: [Synth 8-5559] multi-driven net Q is connected to constant driver, other driver is ignored [E:/desk/matrix_calc/src/matrix/matrix_storage_v2.v:130]
WARNING: [Synth 8-3332] Sequential element (summary_counts_reg[36]) is unused and will be removed from module matrix_storage_v2.
CRITICAL WARNING: [Synth 8-5559] multi-driven net Q is connected to constant driver, other driver is ignored [E:/desk/matrix_calc/src/matrix/matrix_storage_v2.v:130]
WARNING: [Synth 8-3332] Sequential element (summary_counts_reg[35]) is unused and will be removed from module matrix_storage_v2.
CRITICAL WARNING: [Synth 8-5559] multi-driven net Q is connected to constant driver, other driver is ignored [E:/desk/matrix_calc/src/matrix/matrix_storage_v2.v:130]
WARNING: [Synth 8-3332] Sequential element (summary_counts_reg[34]) is unused and will be removed from module matrix_storage_v2.
CRITICAL WARNING: [Synth 8-5559] multi-driven net Q is connected to constant driver, other driver is ignored [E:/desk/matrix_calc/src/matrix/matrix_storage_v2.v:130]
WARNING: [Synth 8-3332] Sequential element (summary_counts_reg[33]) is unused and will be removed from module matrix_storage_v2.
CRITICAL WARNING: [Synth 8-5559] multi-driven net Q is connected to constant driver, other driver is ignored [E:/desk/matrix_calc/src/matrix/matrix_storage_v2.v:130]
WARNING: [Synth 8-3332] Sequential element (summary_counts_reg[32]) is unused and will be removed from module matrix_storage_v2.
CRITICAL WARNING: [Synth 8-5559] multi-driven net Q is connected to constant driver, other driver is ignored [E:/desk/matrix_calc/src/matrix/matrix_storage_v2.v:130]
WARNING: [Synth 8-3332] Sequential element (summary_counts_reg[31]) is unused and will be removed from module matrix_storage_v2.
CRITICAL WARNING: [Synth 8-5559] multi-driven net Q is connected to constant driver, other driver is ignored [E:/desk/matrix_calc/src/matrix/matrix_storage_v2.v:130]
WARNING: [Synth 8-3332] Sequential element (summary_counts_reg[30]) is unused and will be removed from module matrix_storage_v2.
CRITICAL WARNING: [Synth 8-5559] multi-driven net Q is connected to constant driver, other driver is ignored [E:/desk/matrix_calc/src/matrix/matrix_storage_v2.v:130]
WARNING: [Synth 8-3332] Sequential element (summary_counts_reg[29]) is unused and will be removed from module matrix_storage_v2.
CRITICAL WARNING: [Synth 8-5559] multi-driven net Q is connected to constant driver, other driver is ignored [E:/desk/matrix_calc/src/matrix/matrix_storage_v2.v:130]
WARNING: [Synth 8-3332] Sequential element (summary_counts_reg[28]) is unused and will be removed from module matrix_storage_v2.
CRITICAL WARNING: [Synth 8-5559] multi-driven net Q is connected to constant driver, other driver is ignored [E:/desk/matrix_calc/src/matrix/matrix_storage_v2.v:130]
WARNING: [Synth 8-3332] Sequential element (summary_counts_reg[27]) is unused and will be removed from module matrix_storage_v2.
CRITICAL WARNING: [Synth 8-5559] multi-driven net Q is connected to constant driver, other driver is ignored [E:/desk/matrix_calc/src/matrix/matrix_storage_v2.v:130]
WARNING: [Synth 8-3332] Sequential element (summary_counts_reg[26]) is unused and will be removed from module matrix_storage_v2.
CRITICAL WARNING: [Synth 8-5559] multi-driven net Q is connected to constant driver, other driver is ignored [E:/desk/matrix_calc/src/matrix/matrix_storage_v2.v:130]
WARNING: [Synth 8-3332] Sequential element (summary_counts_reg[25]) is unused and will be removed from module matrix_storage_v2.
CRITICAL WARNING: [Synth 8-5559] multi-driven net Q is connected to constant driver, other driver is ignored [E:/desk/matrix_calc/src/matrix/matrix_storage_v2.v:130]
WARNING: [Synth 8-3332] Sequential element (summary_counts_reg[24]) is unused and will be removed from module matrix_storage_v2.
CRITICAL WARNING: [Synth 8-5559] multi-driven net Q is connected to constant driver, other driver is ignored [E:/desk/matrix_calc/src/matrix/matrix_storage_v2.v:130]
WARNING: [Synth 8-3332] Sequential element (summary_counts_reg[23]) is unused and will be removed from module matrix_storage_v2.
CRITICAL WARNING: [Synth 8-5559] multi-driven net Q is connected to constant driver, other driver is ignored [E:/desk/matrix_calc/src/matrix/matrix_storage_v2.v:130]
WARNING: [Synth 8-3332] Sequential element (summary_counts_reg[22]) is unused and will be removed from module matrix_storage_v2.
CRITICAL WARNING: [Synth 8-5559] multi-driven net Q is connected to constant driver, other driver is ignored [E:/desk/matrix_calc/src/matrix/matrix_storage_v2.v:130]
WARNING: [Synth 8-3332] Sequential element (summary_counts_reg[21]) is unused and will be removed from module matrix_storage_v2.
CRITICAL WARNING: [Synth 8-5559] multi-driven net Q is connected to constant driver, other driver is ignored [E:/desk/matrix_calc/src/matrix/matrix_storage_v2.v:130]
WARNING: [Synth 8-3332] Sequential element (summary_counts_reg[20]) is unused and will be removed from module matrix_storage_v2.
CRITICAL WARNING: [Synth 8-5559] multi-driven net Q is connected to constant driver, other driver is ignored [E:/desk/matrix_calc/src/matrix/matrix_storage_v2.v:130]
WARNING: [Synth 8-3332] Sequential element (summary_counts_reg[19]) is unused and will be removed from module matrix_storage_v2.
CRITICAL WARNING: [Synth 8-5559] multi-driven net Q is connected to constant driver, other driver is ignored [E:/desk/matrix_calc/src/matrix/matrix_storage_v2.v:130]
WARNING: [Synth 8-3332] Sequential element (summary_counts_reg[18]) is unused and will be removed from module matrix_storage_v2.
CRITICAL WARNING: [Synth 8-5559] multi-driven net Q is connected to constant driver, other driver is ignored [E:/desk/matrix_calc/src/matrix/matrix_storage_v2.v:130]
WARNING: [Synth 8-3332] Sequential element (summary_counts_reg[17]) is unused and will be removed from module matrix_storage_v2.
CRITICAL WARNING: [Synth 8-5559] multi-driven net Q is connected to constant driver, other driver is ignored [E:/desk/matrix_calc/src/matrix/matrix_storage_v2.v:130]
WARNING: [Synth 8-3332] Sequential element (summary_counts_reg[16]) is unused and will be removed from module matrix_storage_v2.
CRITICAL WARNING: [Synth 8-5559] multi-driven net Q is connected to constant driver, other driver is ignored [E:/desk/matrix_calc/src/matrix/matrix_storage_v2.v:130]
WARNING: [Synth 8-3332] Sequential element (summary_counts_reg[15]) is unused and will be removed from module matrix_storage_v2.
CRITICAL WARNING: [Synth 8-5559] multi-driven net Q is connected to constant driver, other driver is ignored [E:/desk/matrix_calc/src/matrix/matrix_storage_v2.v:130]
WARNING: [Synth 8-3332] Sequential element (summary_counts_reg[14]) is unused and will be removed from module matrix_storage_v2.
CRITICAL WARNING: [Synth 8-5559] multi-driven net Q is connected to constant driver, other driver is ignored [E:/desk/matrix_calc/src/matrix/matrix_storage_v2.v:130]
WARNING: [Synth 8-3332] Sequential element (summary_counts_reg[13]) is unused and will be removed from module matrix_storage_v2.
CRITICAL WARNING: [Synth 8-5559] multi-driven net Q is connected to constant driver, other driver is ignored [E:/desk/matrix_calc/src/matrix/matrix_storage_v2.v:130]
WARNING: [Synth 8-3332] Sequential element (summary_counts_reg[12]) is unused and will be removed from module matrix_storage_v2.
CRITICAL WARNING: [Synth 8-5559] multi-driven net Q is connected to constant driver, other driver is ignored [E:/desk/matrix_calc/src/matrix/matrix_storage_v2.v:130]
WARNING: [Synth 8-3332] Sequential element (summary_counts_reg[11]) is unused and will be removed from module matrix_storage_v2.
CRITICAL WARNING: [Synth 8-5559] multi-driven net Q is connected to constant driver, other driver is ignored [E:/desk/matrix_calc/src/matrix/matrix_storage_v2.v:130]
WARNING: [Synth 8-3332] Sequential element (summary_counts_reg[10]) is unused and will be removed from module matrix_storage_v2.
CRITICAL WARNING: [Synth 8-5559] multi-driven net Q is connected to constant driver, other driver is ignored [E:/desk/matrix_calc/src/matrix/matrix_storage_v2.v:130]
WARNING: [Synth 8-3332] Sequential element (summary_counts_reg[9]) is unused and will be removed from module matrix_storage_v2.
CRITICAL WARNING: [Synth 8-5559] multi-driven net Q is connected to constant driver, other driver is ignored [E:/desk/matrix_calc/src/matrix/matrix_storage_v2.v:130]
WARNING: [Synth 8-3332] Sequential element (summary_counts_reg[8]) is unused and will be removed from module matrix_storage_v2.
CRITICAL WARNING: [Synth 8-5559] multi-driven net Q is connected to constant driver, other driver is ignored [E:/desk/matrix_calc/src/matrix/matrix_storage_v2.v:130]
WARNING: [Synth 8-3332] Sequential element (summary_counts_reg[7]) is unused and will be removed from module matrix_storage_v2.
CRITICAL WARNING: [Synth 8-5559] multi-driven net Q is connected to constant driver, other driver is ignored [E:/desk/matrix_calc/src/matrix/matrix_storage_v2.v:130]
WARNING: [Synth 8-3332] Sequential element (summary_counts_reg[6]) is unused and will be removed from module matrix_storage_v2.
CRITICAL WARNING: [Synth 8-5559] multi-driven net Q is connected to constant driver, other driver is ignored [E:/desk/matrix_calc/src/matrix/matrix_storage_v2.v:130]
WARNING: [Synth 8-3332] Sequential element (summary_counts_reg[5]) is unused and will be removed from module matrix_storage_v2.
CRITICAL WARNING: [Synth 8-5559] multi-driven net Q is connected to constant driver, other driver is ignored [E:/desk/matrix_calc/src/matrix/matrix_storage_v2.v:130]
WARNING: [Synth 8-3332] Sequential element (summary_counts_reg[4]) is unused and will be removed from module matrix_storage_v2.
CRITICAL WARNING: [Synth 8-5559] multi-driven net Q is connected to constant driver, other driver is ignored [E:/desk/matrix_calc/src/matrix/matrix_storage_v2.v:130]
WARNING: [Synth 8-3332] Sequential element (summary_counts_reg[3]) is unused and will be removed from module matrix_storage_v2.
CRITICAL WARNING: [Synth 8-5559] multi-driven net Q is connected to constant driver, other driver is ignored [E:/desk/matrix_calc/src/matrix/matrix_storage_v2.v:130]
WARNING: [Synth 8-3332] Sequential element (summary_counts_reg[2]) is unused and will be removed from module matrix_storage_v2.
CRITICAL WARNING: [Synth 8-5559] multi-driven net Q is connected to constant driver, other driver is ignored [E:/desk/matrix_calc/src/matrix/matrix_storage_v2.v:130]
WARNING: [Synth 8-3332] Sequential element (summary_counts_reg[1]) is unused and will be removed from module matrix_storage_v2.
CRITICAL WARNING: [Synth 8-5559] multi-driven net Q is connected to constant driver, other driver is ignored [E:/desk/matrix_calc/src/matrix/matrix_storage_v2.v:130]
WARNING: [Synth 8-3332] Sequential element (summary_counts_reg[0]) is unused and will be removed from module matrix_storage_v2.
INFO: [Common 17-14] Message 'Synth 8-3332' appears 100 times and further instances of the messages will be disabled. Use the Tcl command set_msg_config to change the current settings.
CRITICAL WARNING: [Synth 8-5559] multi-driven net Q is connected to constant driver, other driver is ignored [E:/desk/matrix_calc/src/matrix/matrix_storage_v2.v:130]
INFO: [Common 17-14] Message 'Synth 8-5559' appears 100 times and further instances of the messages will be disabled. Use the Tcl command set_msg_config to change the current settings.
INFO: [Synth 8-3886] merging instance 'i_0/u_matrix_gen/gen_data_reg[4]' (FDCE) to 'i_0/u_matrix_gen/gen_data_reg[5]'
INFO: [Synth 8-3886] merging instance 'i_0/u_matrix_input/matrix_data_reg[4]' (FDCE) to 'i_0/u_matrix_input/matrix_data_reg[5]'
INFO: [Synth 8-3886] merging instance 'i_0/u_matrix_gen/gen_data_reg[5]' (FDCE) to 'i_0/u_matrix_gen/gen_data_reg[6]'
INFO: [Synth 8-3886] merging instance 'i_0/u_matrix_input/matrix_data_reg[5]' (FDCE) to 'i_0/u_matrix_input/matrix_data_reg[6]'
INFO: [Synth 8-3886] merging instance 'i_0/u_matrix_gen/gen_data_reg[6]' (FDCE) to 'i_0/u_matrix_gen/gen_data_reg[7]'
INFO: [Synth 8-3886] merging instance 'i_0/u_matrix_input/matrix_data_reg[6]' (FDCE) to 'i_0/u_matrix_input/matrix_data_reg[7]'
INFO: [Synth 8-3333] propagating constant 0 across sequential element (i_0/u_matrix_gen/\gen_data_reg[7] )
INFO: [Synth 8-3333] propagating constant 0 across sequential element (i_0/u_matrix_input/\matrix_data_reg[7] )
INFO: [Synth 8-3886] merging instance 'i_0/u_matrix_gen/gen_data_reg[12]' (FDCE) to 'i_0/u_matrix_gen/gen_data_reg[13]'
INFO: [Synth 8-3886] merging instance 'i_0/u_matrix_input/matrix_data_reg[12]' (FDCE) to 'i_0/u_matrix_input/matrix_data_reg[13]'
INFO: [Synth 8-3886] merging instance 'i_0/u_matrix_gen/gen_data_reg[13]' (FDCE) to 'i_0/u_matrix_gen/gen_data_reg[14]'
INFO: [Synth 8-3886] merging instance 'i_0/u_matrix_input/matrix_data_reg[13]' (FDCE) to 'i_0/u_matrix_input/matrix_data_reg[14]'
INFO: [Synth 8-3886] merging instance 'i_0/u_matrix_gen/gen_data_reg[14]' (FDCE) to 'i_0/u_matrix_gen/gen_data_reg[15]'
INFO: [Synth 8-3886] merging instance 'i_0/u_matrix_input/matrix_data_reg[14]' (FDCE) to 'i_0/u_matrix_input/matrix_data_reg[15]'
INFO: [Synth 8-3333] propagating constant 0 across sequential element (i_0/u_matrix_gen/\gen_data_reg[15] )
INFO: [Synth 8-3333] propagating constant 0 across sequential element (i_0/u_matrix_input/\matrix_data_reg[15] )
INFO: [Synth 8-3886] merging instance 'i_0/u_matrix_gen/gen_data_reg[20]' (FDCE) to 'i_0/u_matrix_gen/gen_data_reg[21]'
INFO: [Synth 8-3886] merging instance 'i_0/u_matrix_input/matrix_data_reg[20]' (FDCE) to 'i_0/u_matrix_input/matrix_data_reg[21]'
INFO: [Synth 8-3886] merging instance 'i_0/u_matrix_gen/gen_data_reg[21]' (FDCE) to 'i_0/u_matrix_gen/gen_data_reg[22]'
INFO: [Synth 8-3886] merging instance 'i_0/u_matrix_input/matrix_data_reg[21]' (FDCE) to 'i_0/u_matrix_input/matrix_data_reg[22]'
INFO: [Synth 8-3886] merging instance 'i_0/u_matrix_gen/gen_data_reg[22]' (FDCE) to 'i_0/u_matrix_gen/gen_data_reg[23]'
INFO: [Synth 8-3886] merging instance 'i_0/u_matrix_input/matrix_data_reg[22]' (FDCE) to 'i_0/u_matrix_input/matrix_data_reg[23]'
INFO: [Synth 8-3333] propagating constant 0 across sequential element (i_0/u_matrix_gen/\gen_data_reg[23] )
INFO: [Synth 8-3333] propagating constant 0 across sequential element (i_0/u_matrix_input/\matrix_data_reg[23] )
INFO: [Synth 8-3886] merging instance 'i_0/u_matrix_gen/gen_data_reg[28]' (FDCE) to 'i_0/u_matrix_gen/gen_data_reg[29]'
INFO: [Synth 8-3886] merging instance 'i_0/u_matrix_input/matrix_data_reg[28]' (FDCE) to 'i_0/u_matrix_input/matrix_data_reg[29]'
INFO: [Synth 8-3886] merging instance 'i_0/u_matrix_gen/gen_data_reg[29]' (FDCE) to 'i_0/u_matrix_gen/gen_data_reg[30]'
INFO: [Synth 8-3886] merging instance 'i_0/u_matrix_input/matrix_data_reg[29]' (FDCE) to 'i_0/u_matrix_input/matrix_data_reg[30]'
INFO: [Synth 8-3886] merging instance 'i_0/u_matrix_gen/gen_data_reg[30]' (FDCE) to 'i_0/u_matrix_gen/gen_data_reg[31]'
INFO: [Synth 8-3886] merging instance 'i_0/u_matrix_input/matrix_data_reg[30]' (FDCE) to 'i_0/u_matrix_input/matrix_data_reg[31]'
INFO: [Synth 8-3333] propagating constant 0 across sequential element (i_0/u_matrix_gen/\gen_data_reg[31] )
INFO: [Synth 8-3333] propagating constant 0 across sequential element (i_0/u_matrix_input/\matrix_data_reg[31] )
INFO: [Synth 8-3886] merging instance 'i_0/u_matrix_gen/gen_data_reg[36]' (FDCE) to 'i_0/u_matrix_gen/gen_data_reg[37]'
INFO: [Synth 8-3886] merging instance 'i_0/u_matrix_input/matrix_data_reg[36]' (FDCE) to 'i_0/u_matrix_input/matrix_data_reg[37]'
INFO: [Synth 8-3886] merging instance 'i_0/u_matrix_gen/gen_data_reg[37]' (FDCE) to 'i_0/u_matrix_gen/gen_data_reg[38]'
INFO: [Synth 8-3886] merging instance 'i_0/u_matrix_input/matrix_data_reg[37]' (FDCE) to 'i_0/u_matrix_input/matrix_data_reg[38]'
INFO: [Synth 8-3886] merging instance 'i_0/u_matrix_gen/gen_data_reg[38]' (FDCE) to 'i_0/u_matrix_gen/gen_data_reg[39]'
INFO: [Synth 8-3886] merging instance 'i_0/u_matrix_input/matrix_data_reg[38]' (FDCE) to 'i_0/u_matrix_input/matrix_data_reg[39]'
INFO: [Synth 8-3333] propagating constant 0 across sequential element (i_0/u_matrix_gen/\gen_data_reg[39] )
INFO: [Synth 8-3333] propagating constant 0 across sequential element (i_0/u_matrix_input/\matrix_data_reg[39] )
INFO: [Synth 8-3886] merging instance 'i_0/u_matrix_gen/gen_data_reg[44]' (FDCE) to 'i_0/u_matrix_gen/gen_data_reg[45]'
INFO: [Synth 8-3886] merging instance 'i_0/u_matrix_input/matrix_data_reg[44]' (FDCE) to 'i_0/u_matrix_input/matrix_data_reg[45]'
INFO: [Synth 8-3886] merging instance 'i_0/u_matrix_gen/gen_data_reg[45]' (FDCE) to 'i_0/u_matrix_gen/gen_data_reg[46]'
INFO: [Synth 8-3886] merging instance 'i_0/u_matrix_input/matrix_data_reg[45]' (FDCE) to 'i_0/u_matrix_input/matrix_data_reg[46]'
INFO: [Synth 8-3886] merging instance 'i_0/u_matrix_gen/gen_data_reg[46]' (FDCE) to 'i_0/u_matrix_gen/gen_data_reg[47]'
INFO: [Synth 8-3886] merging instance 'i_0/u_matrix_input/matrix_data_reg[46]' (FDCE) to 'i_0/u_matrix_input/matrix_data_reg[47]'
INFO: [Synth 8-3333] propagating constant 0 across sequential element (i_0/u_matrix_gen/\gen_data_reg[47] )
INFO: [Synth 8-3333] propagating constant 0 across sequential element (i_0/u_matrix_input/\matrix_data_reg[47] )
INFO: [Synth 8-3886] merging instance 'i_0/u_matrix_gen/gen_data_reg[52]' (FDCE) to 'i_0/u_matrix_gen/gen_data_reg[53]'
INFO: [Synth 8-3886] merging instance 'i_0/u_matrix_input/matrix_data_reg[52]' (FDCE) to 'i_0/u_matrix_input/matrix_data_reg[53]'
INFO: [Synth 8-3886] merging instance 'i_0/u_matrix_gen/gen_data_reg[53]' (FDCE) to 'i_0/u_matrix_gen/gen_data_reg[54]'
INFO: [Synth 8-3886] merging instance 'i_0/u_matrix_input/matrix_data_reg[53]' (FDCE) to 'i_0/u_matrix_input/matrix_data_reg[54]'
INFO: [Synth 8-3886] merging instance 'i_0/u_matrix_gen/gen_data_reg[54]' (FDCE) to 'i_0/u_matrix_gen/gen_data_reg[55]'
INFO: [Synth 8-3886] merging instance 'i_0/u_matrix_input/matrix_data_reg[54]' (FDCE) to 'i_0/u_matrix_input/matrix_data_reg[55]'
INFO: [Synth 8-3333] propagating constant 0 across sequential element (i_0/u_matrix_gen/\gen_data_reg[55] )
INFO: [Synth 8-3333] propagating constant 0 across sequential element (i_0/u_matrix_input/\matrix_data_reg[55] )
INFO: [Synth 8-3886] merging instance 'i_0/u_matrix_gen/gen_data_reg[60]' (FDCE) to 'i_0/u_matrix_gen/gen_data_reg[61]'
INFO: [Synth 8-3886] merging instance 'i_0/u_matrix_input/matrix_data_reg[60]' (FDCE) to 'i_0/u_matrix_input/matrix_data_reg[61]'
INFO: [Synth 8-3886] merging instance 'i_0/u_matrix_gen/gen_data_reg[61]' (FDCE) to 'i_0/u_matrix_gen/gen_data_reg[62]'
INFO: [Synth 8-3886] merging instance 'i_0/u_matrix_input/matrix_data_reg[61]' (FDCE) to 'i_0/u_matrix_input/matrix_data_reg[62]'
INFO: [Synth 8-3886] merging instance 'i_0/u_matrix_gen/gen_data_reg[62]' (FDCE) to 'i_0/u_matrix_gen/gen_data_reg[63]'
INFO: [Synth 8-3886] merging instance 'i_0/u_matrix_input/matrix_data_reg[62]' (FDCE) to 'i_0/u_matrix_input/matrix_data_reg[63]'
INFO: [Synth 8-3333] propagating constant 0 across sequential element (i_0/u_matrix_gen/\gen_data_reg[63] )
INFO: [Synth 8-3333] propagating constant 0 across sequential element (i_0/u_matrix_input/\matrix_data_reg[63] )
INFO: [Synth 8-3886] merging instance 'i_0/u_matrix_gen/gen_data_reg[68]' (FDCE) to 'i_0/u_matrix_gen/gen_data_reg[69]'
INFO: [Synth 8-3886] merging instance 'i_0/u_matrix_input/matrix_data_reg[68]' (FDCE) to 'i_0/u_matrix_input/matrix_data_reg[69]'
INFO: [Synth 8-3886] merging instance 'i_0/u_matrix_gen/gen_data_reg[69]' (FDCE) to 'i_0/u_matrix_gen/gen_data_reg[70]'
INFO: [Synth 8-3886] merging instance 'i_0/u_matrix_input/matrix_data_reg[69]' (FDCE) to 'i_0/u_matrix_input/matrix_data_reg[70]'
INFO: [Synth 8-3886] merging instance 'i_0/u_matrix_gen/gen_data_reg[70]' (FDCE) to 'i_0/u_matrix_gen/gen_data_reg[71]'
INFO: [Synth 8-3886] merging instance 'i_0/u_matrix_input/matrix_data_reg[70]' (FDCE) to 'i_0/u_matrix_input/matrix_data_reg[71]'
INFO: [Synth 8-3333] propagating constant 0 across sequential element (i_0/u_matrix_gen/\gen_data_reg[71] )
INFO: [Synth 8-3333] propagating constant 0 across sequential element (i_0/u_matrix_input/\matrix_data_reg[71] )
INFO: [Synth 8-3886] merging instance 'i_0/u_matrix_gen/gen_data_reg[76]' (FDCE) to 'i_0/u_matrix_gen/gen_data_reg[77]'
INFO: [Synth 8-3886] merging instance 'i_0/u_matrix_input/matrix_data_reg[76]' (FDCE) to 'i_0/u_matrix_input/matrix_data_reg[77]'
INFO: [Synth 8-3886] merging instance 'i_0/u_matrix_gen/gen_data_reg[77]' (FDCE) to 'i_0/u_matrix_gen/gen_data_reg[78]'
INFO: [Synth 8-3886] merging instance 'i_0/u_matrix_input/matrix_data_reg[77]' (FDCE) to 'i_0/u_matrix_input/matrix_data_reg[78]'
INFO: [Synth 8-3886] merging instance 'i_0/u_matrix_gen/gen_data_reg[78]' (FDCE) to 'i_0/u_matrix_gen/gen_data_reg[79]'
INFO: [Synth 8-3886] merging instance 'i_0/u_matrix_input/matrix_data_reg[78]' (FDCE) to 'i_0/u_matrix_input/matrix_data_reg[79]'
INFO: [Synth 8-3333] propagating constant 0 across sequential element (i_0/u_matrix_gen/\gen_data_reg[79] )
INFO: [Synth 8-3333] propagating constant 0 across sequential element (i_0/u_matrix_input/\matrix_data_reg[79] )
INFO: [Synth 8-3886] merging instance 'i_0/u_matrix_gen/gen_data_reg[84]' (FDCE) to 'i_0/u_matrix_gen/gen_data_reg[85]'
INFO: [Synth 8-3886] merging instance 'i_0/u_matrix_input/matrix_data_reg[84]' (FDCE) to 'i_0/u_matrix_input/matrix_data_reg[85]'
INFO: [Synth 8-3886] merging instance 'i_0/u_matrix_gen/gen_data_reg[85]' (FDCE) to 'i_0/u_matrix_gen/gen_data_reg[86]'
INFO: [Synth 8-3886] merging instance 'i_0/u_matrix_input/matrix_data_reg[85]' (FDCE) to 'i_0/u_matrix_input/matrix_data_reg[86]'
INFO: [Synth 8-3886] merging instance 'i_0/u_matrix_gen/gen_data_reg[86]' (FDCE) to 'i_0/u_matrix_gen/gen_data_reg[87]'
INFO: [Synth 8-3886] merging instance 'i_0/u_matrix_input/matrix_data_reg[86]' (FDCE) to 'i_0/u_matrix_input/matrix_data_reg[87]'
INFO: [Synth 8-3333] propagating constant 0 across sequential element (i_0/u_matrix_gen/\gen_data_reg[87] )
INFO: [Synth 8-3333] propagating constant 0 across sequential element (i_0/u_matrix_input/\matrix_data_reg[87] )
INFO: [Synth 8-3886] merging instance 'i_0/u_matrix_gen/gen_data_reg[92]' (FDCE) to 'i_0/u_matrix_gen/gen_data_reg[93]'
INFO: [Synth 8-3886] merging instance 'i_0/u_matrix_input/matrix_data_reg[92]' (FDCE) to 'i_0/u_matrix_input/matrix_data_reg[93]'
INFO: [Synth 8-3886] merging instance 'i_0/u_matrix_gen/gen_data_reg[93]' (FDCE) to 'i_0/u_matrix_gen/gen_data_reg[94]'
INFO: [Synth 8-3886] merging instance 'i_0/u_matrix_input/matrix_data_reg[93]' (FDCE) to 'i_0/u_matrix_input/matrix_data_reg[94]'
INFO: [Synth 8-3886] merging instance 'i_0/u_matrix_gen/gen_data_reg[94]' (FDCE) to 'i_0/u_matrix_gen/gen_data_reg[95]'
INFO: [Synth 8-3886] merging instance 'i_0/u_matrix_input/matrix_data_reg[94]' (FDCE) to 'i_0/u_matrix_input/matrix_data_reg[95]'
INFO: [Synth 8-3333] propagating constant 0 across sequential element (i_0/u_matrix_gen/\gen_data_reg[95] )
INFO: [Synth 8-3333] propagating constant 0 across sequential element (i_0/u_matrix_input/\matrix_data_reg[95] )
INFO: [Synth 8-3886] merging instance 'i_0/u_matrix_gen/gen_data_reg[100]' (FDCE) to 'i_0/u_matrix_gen/gen_data_reg[101]'
INFO: [Synth 8-3886] merging instance 'i_0/u_matrix_input/matrix_data_reg[100]' (FDCE) to 'i_0/u_matrix_input/matrix_data_reg[101]'
INFO: [Synth 8-3886] merging instance 'i_0/u_matrix_gen/gen_data_reg[101]' (FDCE) to 'i_0/u_matrix_gen/gen_data_reg[102]'
INFO: [Synth 8-3886] merging instance 'i_0/u_matrix_input/matrix_data_reg[101]' (FDCE) to 'i_0/u_matrix_input/matrix_data_reg[102]'
INFO: [Synth 8-3886] merging instance 'i_0/u_matrix_gen/gen_data_reg[102]' (FDCE) to 'i_0/u_matrix_gen/gen_data_reg[103]'
INFO: [Synth 8-3886] merging instance 'i_0/u_matrix_input/matrix_data_reg[102]' (FDCE) to 'i_0/u_matrix_input/matrix_data_reg[103]'
INFO: [Synth 8-3333] propagating constant 0 across sequential element (i_0/u_matrix_gen/\gen_data_reg[103] )
INFO: [Synth 8-3333] propagating constant 0 across sequential element (i_0/u_matrix_input/\matrix_data_reg[103] )
INFO: [Synth 8-3886] merging instance 'i_0/u_matrix_gen/gen_data_reg[108]' (FDCE) to 'i_0/u_matrix_gen/gen_data_reg[109]'
INFO: [Synth 8-3886] merging instance 'i_0/u_matrix_input/matrix_data_reg[108]' (FDCE) to 'i_0/u_matrix_input/matrix_data_reg[109]'
INFO: [Synth 8-3886] merging instance 'i_0/u_matrix_gen/gen_data_reg[109]' (FDCE) to 'i_0/u_matrix_gen/gen_data_reg[110]'
INFO: [Common 17-14] Message 'Synth 8-3886' appears 100 times and further instances of the messages will be disabled. Use the Tcl command set_msg_config to change the current settings.
INFO: [Synth 8-3333] propagating constant 0 across sequential element (i_0/u_matrix_gen/\gen_data_reg[111] )
INFO: [Synth 8-3333] propagating constant 0 across sequential element (i_0/u_matrix_input/\matrix_data_reg[111] )
INFO: [Synth 8-3333] propagating constant 0 across sequential element (i_0/u_matrix_gen/\gen_data_reg[119] )
INFO: [Synth 8-3333] propagating constant 0 across sequential element (i_0/u_matrix_input/\matrix_data_reg[119] )
INFO: [Synth 8-3333] propagating constant 0 across sequential element (i_0/u_matrix_gen/\gen_data_reg[127] )
INFO: [Synth 8-3333] propagating constant 0 across sequential element (i_0/u_matrix_input/\matrix_data_reg[127] )
INFO: [Synth 8-3333] propagating constant 0 across sequential element (i_0/u_matrix_gen/\gen_data_reg[135] )
INFO: [Synth 8-3333] propagating constant 0 across sequential element (i_0/u_matrix_input/\matrix_data_reg[135] )
INFO: [Synth 8-3333] propagating constant 0 across sequential element (i_0/u_matrix_gen/\gen_data_reg[143] )
INFO: [Synth 8-3333] propagating constant 0 across sequential element (i_0/u_matrix_input/\matrix_data_reg[143] )
INFO: [Synth 8-3333] propagating constant 0 across sequential element (i_0/u_matrix_gen/\gen_data_reg[151] )
INFO: [Synth 8-3333] propagating constant 0 across sequential element (i_0/u_matrix_input/\matrix_data_reg[151] )
INFO: [Synth 8-3333] propagating constant 0 across sequential element (i_0/u_matrix_gen/\gen_data_reg[159] )
INFO: [Synth 8-3333] propagating constant 0 across sequential element (i_0/u_matrix_input/\matrix_data_reg[159] )
INFO: [Synth 8-3333] propagating constant 0 across sequential element (i_0/u_matrix_gen/\gen_data_reg[167] )
INFO: [Synth 8-3333] propagating constant 0 across sequential element (i_0/u_matrix_input/\matrix_data_reg[167] )
INFO: [Synth 8-3333] propagating constant 0 across sequential element (i_0/u_matrix_gen/\gen_data_reg[175] )
INFO: [Synth 8-3333] propagating constant 0 across sequential element (i_0/u_matrix_input/\matrix_data_reg[175] )
INFO: [Synth 8-3333] propagating constant 0 across sequential element (i_0/u_matrix_gen/\gen_data_reg[183] )
INFO: [Synth 8-3333] propagating constant 0 across sequential element (i_0/u_matrix_input/\matrix_data_reg[183] )
INFO: [Synth 8-3333] propagating constant 0 across sequential element (i_0/u_matrix_gen/\gen_data_reg[191] )
INFO: [Synth 8-3333] propagating constant 0 across sequential element (i_0/u_matrix_input/\matrix_data_reg[191] )
INFO: [Synth 8-3333] propagating constant 0 across sequential element (i_0/u_matrix_gen/\gen_data_reg[199] )
INFO: [Synth 8-3333] propagating constant 0 across sequential element (i_0/u_matrix_input/\matrix_data_reg[199] )
INFO: [Synth 8-3333] propagating constant 0 across sequential element (i_0/u_matrix_input/\error_code_reg[7] )
INFO: [Synth 8-3333] propagating constant 0 across sequential element (i_1/u_matrix_output/\tx_data_reg[7] )
INFO: [Synth 8-3333] propagating constant 1 across sequential element (i_1/u_uart_tx/\tx_shift_reg[9] )
INFO: [Synth 8-3333] propagating constant 0 across sequential element (i_1/u_matrix_output/\digit_h_reg[2] )
INFO: [Synth 8-3333] propagating constant 0 across sequential element (i_1/u_fsm/\auto_scalar_reg[5] )
INFO: [Synth 8-3333] propagating constant 0 across sequential element (i_1/u_fsm/\auto_kernel_reg[37] )
INFO: [Synth 8-3333] propagating constant 0 across sequential element (i_1/u_matrix_output/\print_step_reg[3] )
INFO: [Synth 8-3333] propagating constant 0 across sequential element (i_1/u_uart_tx/\baud_cnt_reg[11] )
INFO: [Synth 8-3333] propagating constant 0 across sequential element (i_1/u_fsm/\parsed_id_reg[7] )
INFO: [Synth 8-3333] propagating constant 0 across sequential element (i_1/u_calc/\u_conv/curr_kernel_reg[5] )
INFO: [Synth 8-3333] propagating constant 0 across sequential element (u_storage/\stored_data_reg[9][199] )
INFO: [Synth 8-3333] propagating constant 0 across sequential element (u_storage/\stored_data_reg[8][199] )
INFO: [Synth 8-3333] propagating constant 0 across sequential element (u_storage/\stored_data_reg[7][199] )
INFO: [Synth 8-3333] propagating constant 0 across sequential element (u_storage/\stored_data_reg[6][199] )
INFO: [Synth 8-3333] propagating constant 0 across sequential element (u_storage/\stored_data_reg[5][199] )
INFO: [Synth 8-3333] propagating constant 0 across sequential element (u_storage/\stored_data_reg[4][199] )
INFO: [Synth 8-3333] propagating constant 0 across sequential element (u_storage/\stored_data_reg[3][199] )
INFO: [Synth 8-3333] propagating constant 0 across sequential element (u_storage/\stored_data_reg[2][199] )
INFO: [Synth 8-3333] propagating constant 0 across sequential element (u_storage/\stored_data_reg[1][199] )
INFO: [Synth 8-3333] propagating constant 0 across sequential element (u_storage/\stored_data_reg[0][199] )
INFO: [Synth 8-3333] propagating constant 0 across sequential element (u_storage/\rd_data_reg[199] )
INFO: [Synth 8-3333] propagating constant 0 across sequential element (i_1/\mat_B_data_reg[6] )
INFO: [Synth 8-3333] propagating constant 0 across sequential element (i_1/\mat_A_data_reg[4] )
INFO: [Synth 8-3333] propagating constant 0 across sequential element (u_seg_display/i_2/\scan_cnt_reg[19] )
---------------------------------------------------------------------------------
Finished Cross Boundary and Area Optimization : Time (s): cpu = 00:01:38 ; elapsed = 00:02:04 . Memory (MB): peak = 1098.180 ; gain = 868.156
---------------------------------------------------------------------------------
---------------------------------------------------------------------------------
Start ROM, RAM, DSP and Shift Register Reporting
---------------------------------------------------------------------------------

ROM:
+------------------+------------+---------------+----------------+
|Module Name       | RTL Object | Depth x Width | Implemented As | 
+------------------+------------+---------------+----------------+
|input_image_rom   | p_0_out    | 128x4         | LUT            | 
|mat_conv          | p_0_out    | 128x4         | LUT            | 
|controller_fsm_v2 | state0     | 32x5          | LUT            | 
+------------------+------------+---------------+----------------+

---------------------------------------------------------------------------------
Finished ROM, RAM, DSP and Shift Register Reporting
---------------------------------------------------------------------------------

Report RTL Partitions: 
+------+------------------------+------------+----------+
|      |RTL Partition           |Replication |Instances |
+------+------------------------+------------+----------+
|1     |matrix_storage_v2       |           1|      6643|
|2     |matrix_calc_top_v2__GB1 |           1|      2122|
|3     |matrix_calc_top_v2__GB2 |           1|     11850|
|4     |seg_display_v2          |           1|     12675|
+------+------------------------+------------+----------+
---------------------------------------------------------------------------------
Start Applying XDC Timing Constraints
---------------------------------------------------------------------------------
---------------------------------------------------------------------------------
Finished Applying XDC Timing Constraints : Time (s): cpu = 00:01:41 ; elapsed = 00:02:10 . Memory (MB): peak = 1218.633 ; gain = 988.609
---------------------------------------------------------------------------------
---------------------------------------------------------------------------------
Start Timing Optimization
---------------------------------------------------------------------------------
---------------------------------------------------------------------------------
Finished Timing Optimization : Time (s): cpu = 00:01:43 ; elapsed = 00:02:13 . Memory (MB): peak = 1294.211 ; gain = 1064.188
---------------------------------------------------------------------------------

Report RTL Partitions: 
+------+------------------------+------------+----------+
|      |RTL Partition           |Replication |Instances |
+------+------------------------+------------+----------+
|1     |matrix_storage_v2       |           1|      6643|
|2     |matrix_calc_top_v2__GB1 |           1|      2122|
|3     |matrix_calc_top_v2__GB2 |           1|     11850|
|4     |seg_display_v2          |           1|     12675|
+------+------------------------+------------+----------+
---------------------------------------------------------------------------------
Start Technology Mapping
---------------------------------------------------------------------------------
---------------------------------------------------------------------------------
Finished Technology Mapping : Time (s): cpu = 00:01:48 ; elapsed = 00:02:20 . Memory (MB): peak = 1325.875 ; gain = 1095.852
---------------------------------------------------------------------------------

Report RTL Partitions: 
+-+--------------+------------+----------+
| |RTL Partition |Replication |Instances |
+-+--------------+------------+----------+
+-+--------------+------------+----------+
---------------------------------------------------------------------------------
Start IO Insertion
---------------------------------------------------------------------------------
---------------------------------------------------------------------------------
Start Flattening Before IO Insertion
---------------------------------------------------------------------------------
---------------------------------------------------------------------------------
Finished Flattening Before IO Insertion
---------------------------------------------------------------------------------
---------------------------------------------------------------------------------
Start Final Netlist Cleanup
---------------------------------------------------------------------------------
---------------------------------------------------------------------------------
Finished Final Netlist Cleanup
---------------------------------------------------------------------------------
---------------------------------------------------------------------------------
Finished IO Insertion : Time (s): cpu = 00:01:48 ; elapsed = 00:02:21 . Memory (MB): peak = 1325.875 ; gain = 1095.852
---------------------------------------------------------------------------------

Report Check Netlist: 
+------+------------------+-------+---------+-------+------------------+
|      |Item              |Errors |Warnings |Status |Description       |
+------+------------------+-------+---------+-------+------------------+
|1     |multi_driven_nets |      0|        0|Passed |Multi driven nets |
+------+------------------+-------+---------+-------+------------------+
---------------------------------------------------------------------------------
Start Renaming Generated Instances
---------------------------------------------------------------------------------
---------------------------------------------------------------------------------
Finished Renaming Generated Instances : Time (s): cpu = 00:01:48 ; elapsed = 00:02:21 . Memory (MB): peak = 1325.875 ; gain = 1095.852
---------------------------------------------------------------------------------

Report RTL Partitions: 
+-+--------------+------------+----------+
| |RTL Partition |Replication |Instances |
+-+--------------+------------+----------+
+-+--------------+------------+----------+
---------------------------------------------------------------------------------
Start Rebuilding User Hierarchy
---------------------------------------------------------------------------------
---------------------------------------------------------------------------------
Finished Rebuilding User Hierarchy : Time (s): cpu = 00:01:49 ; elapsed = 00:02:22 . Memory (MB): peak = 1325.875 ; gain = 1095.852
---------------------------------------------------------------------------------
---------------------------------------------------------------------------------
Start Renaming Generated Ports
---------------------------------------------------------------------------------
---------------------------------------------------------------------------------
Finished Renaming Generated Ports : Time (s): cpu = 00:01:49 ; elapsed = 00:02:22 . Memory (MB): peak = 1325.875 ; gain = 1095.852
---------------------------------------------------------------------------------
---------------------------------------------------------------------------------
Start Handling Custom Attributes
---------------------------------------------------------------------------------
---------------------------------------------------------------------------------
Finished Handling Custom Attributes : Time (s): cpu = 00:01:49 ; elapsed = 00:02:22 . Memory (MB): peak = 1325.875 ; gain = 1095.852
---------------------------------------------------------------------------------
---------------------------------------------------------------------------------
Start Renaming Generated Nets
---------------------------------------------------------------------------------
---------------------------------------------------------------------------------
Finished Renaming Generated Nets : Time (s): cpu = 00:01:49 ; elapsed = 00:02:22 . Memory (MB): peak = 1325.875 ; gain = 1095.852
---------------------------------------------------------------------------------
---------------------------------------------------------------------------------
Start Writing Synthesis Report
---------------------------------------------------------------------------------

Report BlackBoxes: 
+-+--------------+----------+
| |BlackBox name |Instances |
+-+--------------+----------+
+-+--------------+----------+

Report Cell Usage: 
+------+-------+------+
|      |Cell   |Count |
+------+-------+------+
|1     |BUFG   |     1|
|2     |CARRY4 |   825|
|3     |LUT1   |    64|
|4     |LUT2   |  1881|
|5     |LUT3   |  1448|
|6     |LUT4   |  1602|
|7     |LUT5   |  1307|
|8     |LUT6   |  3110|
|9     |MUXF7  |   171|
|10    |MUXF8  |     7|
|11    |FDCE   |  3621|
|12    |FDPE   |    35|
|13    |FDRE   |   160|
|14    |IBUF   |    12|
|15    |OBUF   |    24|
+------+-------+------+

Report Instance Areas: 
+------+------------------+----------------------+------+
|      |Instance          |Module                |Cells |
+------+------------------+----------------------+------+
|1     |top               |                      | 14268|
|2     |  u_calc          |matrix_calc_unit      |  2951|
|3     |    u_add         |mat_add               |   475|
|4     |    u_conv        |mat_conv              |  1247|
|5     |      u_image_rom |input_image_rom       |    18|
|6     |    u_mul         |mat_mul               |   486|
|7     |    u_scalar_mult |mat_scalar_mult       |   481|
|8     |    u_transpose   |mat_transpose         |   262|
|9     |  u_debounce      |debounce              |    55|
|10    |  u_fsm           |controller_fsm_v2     |  5436|
|11    |  u_matrix_gen    |matrix_gen            |   657|
|12    |  u_matrix_input  |matrix_uart_input_v2  |   373|
|13    |  u_matrix_output |matrix_uart_output_v2 |   375|
|14    |  u_seg_display   |seg_display_v2        |    73|
|15    |  u_storage       |matrix_storage_v2     |  2779|
|16    |  u_uart_rx       |uart_rx               |   146|
|17    |  u_uart_tx       |uart_tx               |    51|
+------+------------------+----------------------+------+
---------------------------------------------------------------------------------
Finished Writing Synthesis Report : Time (s): cpu = 00:01:49 ; elapsed = 00:02:22 . Memory (MB): peak = 1325.875 ; gain = 1095.852
---------------------------------------------------------------------------------
Synthesis finished with 0 errors, 300 critical warnings and 430 warnings.
Synthesis Optimization Runtime : Time (s): cpu = 00:01:39 ; elapsed = 00:02:15 . Memory (MB): peak = 1325.875 ; gain = 691.562
Synthesis Optimization Complete : Time (s): cpu = 00:01:49 ; elapsed = 00:02:22 . Memory (MB): peak = 1325.875 ; gain = 1095.852
INFO: [Project 1-571] Translating synthesized netlist
INFO: [Netlist 29-17] Analyzing 1015 Unisim elements for replacement
INFO: [Netlist 29-28] Unisim Transformation completed in 0 CPU seconds
INFO: [Project 1-570] Preparing netlist for logic optimization
INFO: [Opt 31-138] Pushed 0 inverter(s) to 0 load pin(s).
INFO: [Project 1-111] Unisim Transformation Summary:
No Unisim elements were transformed.

INFO: [Common 17-83] Releasing license: Synthesis
475 Infos, 263 Warnings, 200 Critical Warnings and 0 Errors encountered.
synth_design completed successfully
synth_design: Time (s): cpu = 00:01:52 ; elapsed = 00:02:26 . Memory (MB): peak = 1325.875 ; gain = 1100.719
INFO: [Common 17-1381] The checkpoint 'E:/desk/matrix_calc/matrix_calc.runs/synth_1/matrix_calc_top_v2.dcp' has been generated.
INFO: [runtcl-4] Executing : report_utilization -file matrix_calc_top_v2_utilization_synth.rpt -pb matrix_calc_top_v2_utilization_synth.pb
report_utilization: Time (s): cpu = 00:00:00 ; elapsed = 00:00:00.048 . Memory (MB): peak = 1325.875 ; gain = 0.000
INFO: [Common 17-206] Exiting Vivado at Wed Dec 24 23:23:22 2025...
